Id,Position,First Name,Nickname,Last Name,FPPG,Played,Salary,Game,Team,Opponent,Injury Indicator,Injury Details
21271-28181,RB,Le'Veon,Le'Veon Bell,Bell,17.17499924,4,9500,JAC@PIT,PIT,JAC,,
21271-6894,QB,Aaron,Aaron Rodgers,Rodgers,21.48500061,4,9500,GB@DAL,GB,DAL,,
21271-45229,RB,Kareem,Kareem Hunt,Hunt,26.60000038,4,9000,KC@HOU,KC,HOU,,
21271-31360,WR,Odell,Odell Beckham Jr.,Beckham Jr.,14.16666667,3,8900,LAC@NYG,NYG,LAC,Q,Finger
21271-38791,RB,Ezekiel,Ezekiel Elliott,Elliott,16.375,4,8900,GB@DAL,DAL,GB,,
21271-11612,WR,Antonio,Antonio Brown,Brown,14.94999981,4,8800,JAC@PIT,PIT,JAC,,
21271-6893,WR,Jordy,Jordy Nelson,Nelson,19.69999949,3,8600,GB@DAL,GB,DAL,,
21271-14187,WR,A.J.,A.J. Green,Green,14,4,8300,BUF@CIN,CIN,BUF,,
21271-6779,RB,LeSean,LeSean McCoy,McCoy,12.10000038,4,8200,BUF@CIN,BUF,CIN,,
21271-22015,QB,Russell,Russell Wilson,Wilson,21.69000053,4,8000,SEA@LAR,SEA,LAR,,
21271-6589,QB,Ben,Ben Roethlisberger,Roethlisberger,14.44499969,4,7900,JAC@PIT,PIT,JAC,,
21271-11435,WR,Dez,Dez Bryant,Bryant,10.30000019,4,7800,GB@DAL,DAL,GB,,
21271-29358,QB,Marcus,Marcus Mariota,Mariota,17.56999969,4,7800,TEN@MIA,TEN,MIA,Q,Hamstring
21271-30447,RB,Todd,Todd Gurley II,Gurley II,27.39999962,4,7800,SEA@LAR,LAR,SEA,,
21271-14185,QB,Cam,Cam Newton,Newton,17.81999969,4,7800,CAR@DET,CAR,DET,,
21271-16606,WR,DeAndre,DeAndre Hopkins,Hopkins,14.64999962,4,7700,KC@HOU,HOU,KC,,
21271-31716,QB,Dak,Dak Prescott,Prescott,20.38500023,4,7700,GB@DAL,DAL,GB,,
21271-6654,QB,Matthew,Matthew Stafford,Stafford,16.94499969,4,7600,CAR@DET,DET,CAR,,
21271-70324,QB,Carson,Carson Wentz,Wentz,18.50499916,4,7600,ARI@PHI,PHI,ARI,,
21271-52922,RB,Leonard,Leonard Fournette,Fournette,17.75,4,7600,JAC@PIT,JAC,PIT,,
21271-45859,QB,Derek,Derek Carr,Carr,14.20499992,4,7600,BAL@OAK,OAK,BAL,O,Back
21271-29734,RB,Ty,Ty Montgomery,Montgomery,13.77499962,4,7500,GB@DAL,GB,DAL,Q,Ribs
21271-21939,QB,Andrew,Andrew Luck,Luck,21.38000081,15,7500,SF@IND,IND,SF,O,Shoulder - labrum
21271-29253,WR,Keenan,Keenan Allen,Allen,12.85000038,4,7500,LAC@NYG,LAC,NYG,,
21271-54879,QB,Deshaun,Deshaun Watson,Watson,20.30999947,4,7500,KC@HOU,HOU,KC,,
21271-53681,WR,Tyreek,Tyreek Hill,Hill,13.42500019,4,7400,KC@HOU,KC,HOU,,
21271-8005,QB,Alex,Alex Smith,Smith,22.39500046,4,7400,KC@HOU,KC,HOU,,
21271-14626,WR,Doug,Doug Baldwin,Baldwin,10.97500038,4,7300,SEA@LAR,SEA,LAR,,
21271-22031,WR,T.Y.,T.Y. Hilton,Hilton,10.35000038,4,7300,SF@IND,IND,SF,,
21271-7968,QB,Philip,Philip Rivers,Rivers,15.56999969,4,7300,LAC@NYG,LAC,NYG,,
21271-46882,RB,Jay,Jay Ajayi,Ajayi,7.666666667,3,7300,TEN@MIA,MIA,TEN,,
21271-14377,QB,Tyrod,Tyrod Taylor,Taylor,15.14000034,4,7200,BUF@CIN,BUF,CIN,,
21271-6714,QB,Joe,Joe Flacco,Flacco,8.484999657,4,7200,BAL@OAK,BAL,OAK,,
21271-6748,QB,Carson,Carson Palmer,Palmer,16.96999931,4,7200,ARI@PHI,ARI,PHI,,
21271-28473,RB,Carlos,Carlos Hyde,Hyde,15.35000038,4,7200,SF@IND,SF,IND,Q,Hip
21271-28900,RB,Melvin,Melvin Gordon,Gordon,12.75,4,7100,LAC@NYG,LAC,NYG,,
21271-21980,WR,Alshon,Alshon Jeffery,Jeffery,11,4,7100,ARI@PHI,PHI,ARI,,
21271-34308,QB,Blake,Blake Bortles,Bortles,15.52000046,4,7100,JAC@PIT,JAC,PIT,,
21271-14225,QB,Andy,Andy Dalton,Dalton,13.77000046,4,7100,BUF@CIN,CIN,BUF,,
21271-33076,TE,Travis,Travis Kelce,Kelce,12.17500019,4,7000,KC@HOU,KC,HOU,,
21271-30231,QB,Jacoby,Jacoby Brissett,Brissett,12.55500031,4,7000,SF@IND,IND,SF,,
21271-38435,QB,Jared,Jared Goff,Goff,17.49500084,4,7000,SEA@LAR,LAR,SEA,,
21271-6826,QB,Eli,Eli Manning,Manning,18.15500069,4,7000,LAC@NYG,NYG,LAC,,
21271-9392,WR,Michael,Michael Crabtree,Crabtree,13.83333333,3,6900,BAL@OAK,OAK,BAL,Q,Chest
21271-57537,QB,DeShone,DeShone Kizer,Kizer,13.56499958,4,6900,NYJ@CLE,CLE,NYJ,,
21271-45889,WR,Davante,Davante Adams,Adams,10.47500038,4,6900,GB@DAL,GB,DAL,Q,Concussion
21271-31001,WR,Amari,Amari Cooper,Cooper,5.75,4,6800,BAL@OAK,OAK,BAL,,
21271-6803,QB,Josh,Josh McCown,McCown,11.96000004,4,6800,NYJ@CLE,NYJ,CLE,,
21271-11485,WR,Golden,Golden Tate,Tate,10.19999981,4,6700,CAR@DET,DET,CAR,,
21271-6774,WR,Pierre,Pierre Garcon,Garcon,9.625,4,6700,SF@IND,SF,IND,,
21271-6883,WR,Larry,Larry Fitzgerald,Fitzgerald,13.14999962,4,6700,ARI@PHI,ARI,PHI,,
21271-6898,QB,Jay,Jay Cutler,Cutler,10.6200002,3,6700,TEN@MIA,MIA,TEN,,
21271-24641,WR,Sammy,Sammy Watkins,Watkins,10.02499962,4,6600,SEA@LAR,LAR,SEA,,
21271-29780,TE,Zach,Zach Ertz,Ertz,12.39999962,4,6600,ARI@PHI,PHI,ARI,,
21271-64119,RB,Chris,Chris Carson,Carson,9.050000191,4,6600,SEA@LAR,SEA,LAR,IR,Lower leg
21271-31394,WR,Jarvis,Jarvis Landry,Landry,9.46666654,3,6600,TEN@MIA,MIA,TEN,,
21271-14257,WR,Randall,Randall Cobb,Cobb,11.80000051,3,6600,GB@DAL,GB,DAL,,
21271-14320,RB,Bilal,Bilal Powell,Powell,11.10000038,4,6600,NYJ@CLE,NYJ,CLE,,
21271-62535,WR,Tyrell,Tyrell Williams,Williams,9.449999809,4,6500,LAC@NYG,LAC,NYG,,
21271-7283,WR,Jeremy,Jeremy Maclin,Maclin,7.150000095,4,6500,BAL@OAK,BAL,OAK,,
21271-22037,RB,Lamar,Lamar Miller,Miller,13.67500019,4,6500,KC@HOU,HOU,KC,,
21271-7872,QB,Brian,Brian Hoyer,Hoyer,10.75500011,4,6500,SF@IND,SF,IND,,
21271-30837,WR,Jordan,Jordan Matthews,Matthews,6.800000191,4,6400,BUF@CIN,BUF,CIN,D,Thumb
21271-24929,WR,Kelvin,Kelvin Benjamin,Benjamin,6.974999905,4,6400,CAR@DET,CAR,DET,,
21271-14254,RB,DeMarco,DeMarco Murray,Murray,8.324999809,4,6400,TEN@MIA,TEN,MIA,,
21271-6373,QB,Derek,Derek Anderson,Anderson,6.8E-01,1,6300,CAR@DET,CAR,DET,,
21271-28080,WR,Devin,Devin Funchess,Funchess,10.52499962,4,6300,CAR@DET,CAR,DET,,
21271-54606,WR,John,John Brown,Brown,6.199999809,2,6200,ARI@PHI,ARI,PHI,,
21271-24949,QB,EJ,EJ Manuel,Manuel,3.24000001,1,6200,BAL@OAK,OAK,BAL,,
21271-55050,RB,Christian,Christian McCaffrey,McCaffrey,9.625,4,6200,CAR@DET,CAR,DET,,
21271-9371,RB,Marshawn,Marshawn Lynch,Lynch,6.349999905,4,6100,BAL@OAK,OAK,BAL,,
21271-54684,RB,Isaiah,Isaiah Crowell,Crowell,5.724999905,4,6100,NYJ@CLE,CLE,NYJ,,
21271-33260,WR,DeVante,DeVante Parker,Parker,12.66666667,3,6100,TEN@MIA,MIA,TEN,,
21271-7778,QB,Matt,Matt Cassel,Cassel,-3.160000086,1,6100,TEN@MIA,TEN,MIA,,
21271-6808,QB,Matt,Matt Moore,Moore,14.43500042,4,6100,TEN@MIA,MIA,TEN,,
21271-14344,QB,T.J.,T.J. Yates,Yates,0,0,6000,BUF@CIN,BUF,CIN,,
21271-29715,QB,Kevin,Kevin Hogan,Hogan,5.409999847,2,6000,NYJ@CLE,CLE,NYJ,,
21271-30761,QB,Nathan,Nathan Peterman,Peterman,0,0,6000,BUF@CIN,BUF,CIN,,
21271-31798,QB,Bryce,Bryce Petty,Petty,6.543333054,6,6000,NYJ@CLE,NYJ,CLE,,
21271-30788,QB,Tyler,Tyler Bray,Bray,0,0,6000,KC@HOU,KC,HOU,,
21271-57439,QB,Patrick,Patrick Mahomes II,Mahomes II,0,0,6000,KC@HOU,KC,HOU,,
21271-25760,WR,Allen,Allen Hurns,Hurns,9.649999619,4,6000,JAC@PIT,JAC,PIT,,
21271-29915,QB,Brett,Brett Hundley,Hundley,0,1,6000,GB@DAL,GB,DAL,,
21271-25837,RB,Duke,Duke Johnson Jr.,Johnson Jr.,12.10000038,4,6000,NYJ@CLE,CLE,NYJ,,
21271-22848,QB,Austin,Austin Davis,Davis,0,0,6000,SEA@LAR,SEA,LAR,,
21271-31047,QB,AJ,AJ McCarron,McCarron,0,0,6000,BUF@CIN,CIN,BUF,,
21271-27982,QB,Jake,Jake Rudock,Rudock,0,0,6000,CAR@DET,DET,CAR,,
21271-27986,QB,C.J.,C.J. Beathard,Beathard,0,0,6000,SF@IND,SF,IND,,
21271-11615,QB,Joe,Joe Webb,Webb,1.14286E-01,7,6000,BUF@CIN,BUF,CIN,,
21271-14696,QB,Scott,Scott Tolzien,Tolzien,3.319999933,1,6000,SF@IND,IND,SF,,
21271-22894,QB,Kellen,Kellen Moore,Moore,0,0,6000,GB@DAL,DAL,GB,,
21271-25969,QB,Tom,Tom Savage,Savage,-7.6E-01,2,6000,KC@HOU,HOU,KC,,
21271-31170,QB,Brandon,Brandon Allen,Allen,0,0,6000,SEA@LAR,LAR,SEA,,
21271-40407,QB,Joshua,Joshua Dobbs,Dobbs,0,0,6000,JAC@PIT,PIT,JAC,,
21271-28163,QB,Connor,Connor Cook,Cook,7,1,6000,BAL@OAK,OAK,BAL,,
21271-22027,QB,Nick,Nick Foles,Foles,14,2,6000,ARI@PHI,PHI,ARI,,
21271-39454,QB,Zac,Zac Dysert,Dysert,0,0,6000,GB@DAL,DAL,GB,IR,Back
21271-23075,QB,Alex,Alex Tanney,Tanney,0,0,6000,TEN@MIA,TEN,MIA,IR,Foot
21271-30253,QB,Jeff,Jeff Driskel,Driskel,0,0,6000,BUF@CIN,CIN,BUF,IR,Thumb
21271-7744,QB,Drew,Drew Stanton,Stanton,2.476000023,5,6000,ARI@PHI,ARI,PHI,,
21271-27229,RB,Ameer,Ameer Abdullah,Abdullah,10.67500019,4,6000,CAR@DET,DET,CAR,Q,Ankle
21271-7844,QB,Chad,Chad Henne,Henne,-3.E-01,1,6000,JAC@PIT,JAC,PIT,,
21271-44715,QB,Cooper,Cooper Rush,Rush,0,0,6000,GB@DAL,DAL,GB,,
21271-6840,RB,Frank,Frank Gore,Gore,9.5,4,6000,SF@IND,IND,SF,,
21271-6863,TE,Delanie,Delanie Walker,Walker,9.25,4,6000,TEN@MIA,TEN,MIA,,
21271-7919,QB,Kellen,Kellen Clemens,Clemens,-1.E-01,1,6000,LAC@NYG,LAC,NYG,,
21271-41732,QB,Christian,Christian Hackenberg,Hackenberg,0,0,6000,NYJ@CLE,NYJ,CLE,,
21271-29445,QB,Sean,Sean Mannion,Mannion,-2.2E-01,1,6000,SEA@LAR,LAR,SEA,,
21271-27405,QB,Landry,Landry Jones,Jones,5.13142831,7,6000,JAC@PIT,PIT,JAC,,
21271-27477,WR,Sterling,Sterling Shepard,Shepard,10.80000019,4,6000,LAC@NYG,NYG,LAC,,
21271-28515,QB,Cardale,Cardale Jones,Jones,2.74000001,1,6000,LAC@NYG,LAC,NYG,,
21271-55140,QB,Brad,Brad Kaaya,Kaaya,0,0,6000,CAR@DET,CAR,DET,,
21271-14194,QB,Blaine,Blaine Gabbert,Gabbert,13.19999949,6,6000,ARI@PHI,ARI,PHI,,
21271-26483,QB,Geno,Geno Smith,Smith,4.46999979,2,6000,LAC@NYG,NYG,LAC,,
21271-39795,QB,Davis,Davis Webb,Webb,0,0,6000,LAC@NYG,NYG,LAC,,
21271-29587,QB,Cody,Cody Kessler,Kessler,8.777777778,9,6000,NYJ@CLE,CLE,NYJ,,
21271-14267,QB,Ryan,Ryan Mallett,Mallett,5.440000057,1,6000,BAL@OAK,BAL,OAK,,
21271-52442,RB,Joe,Joe Mixon,Mixon,6.724999905,4,5900,BUF@CIN,CIN,BUF,,
21271-40442,RB,Aaron,Aaron Jones,Jones,10.89999962,1,5900,GB@DAL,GB,DAL,,
21271-11779,RB,LeGarrette,LeGarrette Blount,Blount,10.125,4,5900,ARI@PHI,PHI,ARI,,
21271-38509,RB,Wendell,Wendell Smallwood,Smallwood,6.599999905,4,5900,ARI@PHI,PHI,ARI,,
21271-11512,TE,Jimmy,Jimmy Graham,Graham,5.425000191,4,5800,SEA@LAR,SEA,LAR,,
21271-39280,RB,Derrick,Derrick Henry,Henry,6.324999809,4,5800,TEN@MIA,TEN,MIA,,
21271-45631,RB,Jamaal,Jamaal Williams,Williams,1.225000024,4,5800,GB@DAL,GB,DAL,Q,Knee
21271-6759,WR,Brandon,Brandon Marshall,Marshall,5.474999905,4,5800,LAC@NYG,NYG,LAC,,
21271-29593,WR,Marqise,Marqise Lee,Lee,5.599999905,4,5800,JAC@PIT,JAC,PIT,,
21271-14362,TE,Charles,Charles Clay,Clay,10.92500019,4,5700,BUF@CIN,BUF,CIN,,
21271-42028,WR,Will,Will Fuller V,Fuller V,17.89999962,1,5700,KC@HOU,HOU,KC,,
21271-24675,WR,Martavis,Martavis Bryant,Bryant,7.5,4,5700,JAC@PIT,PIT,JAC,,
21271-79970,WR,Cooper,Cooper Kupp,Kupp,9.399999619,4,5700,SEA@LAR,LAR,SEA,,
21271-6566,RB,Chris,Chris Johnson,Johnson,4.933333397,3,5700,ARI@PHI,ARI,PHI,,
21271-6733,RB,Jonathan,Jonathan Stewart,Stewart,7.650000095,4,5700,CAR@DET,CAR,DET,,
21271-25290,RB,Giovani,Giovani Bernard,Bernard,9.574999809,4,5700,BUF@CIN,CIN,BUF,,
21271-40843,RB,Alex,Alex Collins,Collins,5.53333346,3,5700,BAL@OAK,BAL,OAK,,
21271-29685,WR,Robert,Robert Woods,Woods,6.150000095,4,5700,SEA@LAR,LAR,SEA,,
21271-27050,WR,Tyler,Tyler Lockett,Lockett,6.449999809,4,5600,SEA@LAR,SEA,LAR,,
21271-22163,WR,Rishard,Rishard Matthews,Matthews,9.875,4,5600,TEN@MIA,TEN,MIA,,
21271-22219,WR,Jermaine,Jermaine Kearse,Kearse,9.800000191,4,5600,NYJ@CLE,NYJ,CLE,,
21271-53303,RB,Matt,Matt Breida,Breida,3.075000048,4,5500,SF@IND,SF,IND,,
21271-26038,TE,Tyler,Tyler Kroft,Kroft,9.03333346,3,5500,BUF@CIN,CIN,BUF,,
21271-16923,TE,Austin,Austin Seferian-Jenkins,Seferian-Jenkins,6.099999905,2,5500,NYJ@CLE,NYJ,CLE,,
21271-22103,WR,Marvin,Marvin Jones Jr.,Jones Jr.,7.25,4,5500,CAR@DET,DET,CAR,,
21271-31397,RB,Jeremy,Jeremy Hill,Hill,2.950000048,4,5500,BUF@CIN,CIN,BUF,,
21271-33557,TE,Tyler,Tyler Eifert,Eifert,3.299999952,2,5500,BUF@CIN,CIN,BUF,Q,Back
21271-24682,RB,Andre,Andre Ellington,Ellington,8.449999809,4,5400,ARI@PHI,ARI,PHI,,
21271-11501,WR,Eric,Eric Decker,Decker,4.099999905,4,5400,TEN@MIA,TEN,MIA,,
21271-54607,RB,Terrance,Terrance West,West,6.349999905,4,5400,BAL@OAK,BAL,OAK,,
21271-45439,WR,Corey,Corey Davis,Davis,5.400000095,2,5400,TEN@MIA,TEN,MIA,O,Hamstring
21271-54687,RB,Charcandrick,Charcandrick West,West,5.766666412,3,5400,KC@HOU,KC,HOU,,
21271-6607,WR,Mike,Mike Wallace,Wallace,4.625,4,5400,BAL@OAK,BAL,OAK,,
21271-6641,TE,Jason,Jason Witten,Witten,9.574999809,4,5400,GB@DAL,DAL,GB,,
21271-26251,WR,Robby,Robby Anderson,Anderson,8.100000381,4,5400,NYJ@CLE,NYJ,CLE,,
21271-55987,WR,JuJu,JuJu Smith-Schuster,Smith-Schuster,6.550000191,4,5400,JAC@PIT,PIT,JAC,,
21271-41872,TE,Evan,Evan Engram,Engram,8.875,4,5400,LAC@NYG,NYG,LAC,,
21271-6448,TE,Martellus,Martellus Bennett,Bennett,5.650000095,4,5300,GB@DAL,GB,DAL,,
21271-34154,WR,J.J.,J.J. Nelson,Nelson,9.550000191,4,5300,ARI@PHI,ARI,PHI,,
21271-32243,WR,Marquise,Marquise Goodwin,Goodwin,4.300000191,4,5300,SF@IND,SF,IND,Q,Concussion
21271-47640,RB,Branden,Branden Oliver,Oliver,2.575000048,4,5300,LAC@NYG,LAC,NYG,,
21271-7761,TE,Jared,Jared Cook,Cook,7.75,4,5300,BAL@OAK,OAK,BAL,,
21271-22109,K,Greg,Greg Zuerlein,Zuerlein,16.25,4,5300,SEA@LAR,LAR,SEA,,
21271-6899,RB,Matt,Matt Forte,Forte,6.066666921,3,5300,NYJ@CLE,NYJ,CLE,Q,Toe
21271-44103,RB,Elijah,Elijah McGuire,McGuire,8.53333346,3,5200,NYJ@CLE,NYJ,CLE,,
21271-6535,WR,Kenny,Kenny Britt,Britt,5.525000095,4,5200,NYJ@CLE,CLE,NYJ,,
21271-41475,WR,John,John Ross,Ross,-8.E-01,1,5200,BUF@CIN,CIN,BUF,Q,Knee
21271-22035,WR,Travis,Travis Benjamin,Benjamin,7.599999905,4,5200,LAC@NYG,LAC,NYG,,
21271-39455,RB,Kerwynn,Kerwynn Williams,Williams,2.900000095,4,5200,ARI@PHI,ARI,PHI,,
21271-31329,WR,Russell,Russell Shepard,Shepard,3.799999952,4,5200,CAR@DET,CAR,DET,,
21271-25272,TE,Eric,Eric Ebron,Ebron,5.050000191,4,5200,CAR@DET,DET,CAR,,
21271-33465,RB,Theo,Theo Riddick,Riddick,6.074999809,4,5200,CAR@DET,DET,CAR,,
21271-39818,RB,Wayne,Wayne Gallman,Gallman,12,1,5200,LAC@NYG,NYG,LAC,,
21271-40845,TE,Hunter,Hunter Henry,Henry,10.05000019,2,5200,LAC@NYG,LAC,NYG,,
21271-12550,D,Seattle,Seattle Seahawks,Seahawks,8.5,4,5100,SEA@LAR,SEA,LAR,,
21271-52613,WR,Curtis,Curtis Samuel,Samuel,3.150000095,2,5100,CAR@DET,CAR,DET,Q,Back
21271-55830,RB,D'Onta,D'Onta Foreman,Foreman,4.724999905,4,5100,KC@HOU,HOU,KC,,
21271-14952,K,Dan,Dan Bailey,Bailey,8,4,5100,GB@DAL,DAL,GB,,
21271-7870,TE,Benjamin,Benjamin Watson,Watson,7.150000095,4,5100,BAL@OAK,BAL,OAK,,
21271-33578,RB,Jalen,Jalen Richard,Richard,6.425000191,4,5100,BAL@OAK,OAK,BAL,,
21271-31561,WR,Donte,Donte Moncrief,Moncrief,6.050000191,4,5100,SF@IND,IND,SF,,
21271-32613,RB,DeAndre,DeAndre Washington,Washington,3.375,4,5100,BAL@OAK,OAK,BAL,,
21271-33691,RB,Orleans,Orleans Darkwa,Darkwa,2.700000127,3,5100,LAC@NYG,NYG,LAC,Q,Back
21271-39859,TE,Jack,Jack Doyle,Doyle,5.699999809,4,5100,SF@IND,IND,SF,Q,Concussion
21271-29645,RB,Javorius,Javorius Allen,Allen,9.600000381,4,5100,BAL@OAK,BAL,OAK,,
21271-14288,WR,Torrey,Torrey Smith,Smith,4.599999905,4,5100,ARI@PHI,PHI,ARI,,
21271-54244,WR,Kenny,Kenny Golladay,Golladay,8.566666921,3,5100,CAR@DET,DET,CAR,Q,Hamstring
21271-26610,WR,Paul,Paul Richardson,Richardson,8.699999809,4,5100,SEA@LAR,SEA,LAR,,
21271-29683,WR,Nelson,Nelson Agholor,Agholor,8.824999809,4,5100,ARI@PHI,PHI,ARI,,
21271-54623,WR,Jeff,Jeff Janis,Janis,2.550000032,12,5000,GB@DAL,GB,DAL,,
21271-10744,K,Graham,Graham Gano,Gano,9.5,4,5000,CAR@DET,CAR,DET,,
21271-40687,RB,James,James Conner,Conner,1.533333302,3,5000,JAC@PIT,PIT,JAC,,
21271-6897,K,Mason,Mason Crosby,Crosby,6.25,4,5000,GB@DAL,GB,DAL,,
21271-22288,WR,Cole,Cole Beasley,Beasley,3.525000095,4,5000,GB@DAL,DAL,GB,,
21271-31732,WR,Corey,Corey Coleman,Coleman,7.599999905,2,5000,NYJ@CLE,CLE,NYJ,IR,Hand
21271-28694,TE,Jesse,Jesse James,James,8.050000191,4,4900,JAC@PIT,PIT,JAC,,
21271-31836,WR,Terrance,Terrance Williams,Williams,6.275000095,4,4900,GB@DAL,DAL,GB,,
21271-62616,RB,Zach,Zach Zenner,Zenner,0.25,2,4900,CAR@DET,DET,CAR,,
21271-29866,RB,Paul,Paul Perkins,Perkins,3.275000095,4,4900,LAC@NYG,NYG,LAC,Q,Ribs
21271-12536,D,Kansas City,Kansas City Chiefs,Chiefs,8.75,4,4900,KC@HOU,KC,HOU,,
21271-54741,WR,Seth,Seth Roberts,Roberts,4.324999809,4,4900,BAL@OAK,OAK,BAL,,
21271-6782,K,Matt,Matt Prater,Prater,10,4,4900,CAR@DET,DET,CAR,,
21271-45791,WR,Rashard,Rashard Higgins,Higgins,5.133333206,3,4900,NYJ@CLE,CLE,NYJ,,
21271-27457,WR,Kenny,Kenny Stills,Stills,6.866666794,3,4900,TEN@MIA,MIA,TEN,,
21271-39829,WR,Mike,Mike Williams,Williams,0,0,4900,LAC@NYG,LAC,NYG,Q,Back
21271-14245,RB,Shane,Shane Vereen,Vereen,5.724999905,4,4900,LAC@NYG,NYG,LAC,,
21271-30733,WR,Cordarrelle,Cordarrelle Patterson,Patterson,5.550000191,4,4800,BAL@OAK,OAK,BAL,,
21271-22765,K,Giorgio,Giorgio Tavecchio,Tavecchio,9,4,4800,BAL@OAK,OAK,BAL,,
21271-12538,D,Los Angeles,Los Angeles Rams,Rams,9.75,4,4800,SEA@LAR,LAR,SEA,,
21271-12547,D,Pittsburgh,Pittsburgh Steelers,Steelers,11.5,4,4800,JAC@PIT,PIT,JAC,,
21271-28095,RB,Thomas,Thomas Rawls,Rawls,4.E-01,1,4800,SEA@LAR,SEA,LAR,,
21271-23045,K,Justin,Justin Tucker,Tucker,4.75,4,4800,BAL@OAK,BAL,OAK,,
21271-6724,K,Stephen,Stephen Hauschka,Hauschka,10.25,4,4800,BUF@CIN,BUF,CIN,,
21271-22110,K,Blair,Blair Walsh,Walsh,7,4,4800,SEA@LAR,SEA,LAR,,
21271-22113,RB,Alfred,Alfred Morris,Morris,3.849999905,2,4800,GB@DAL,DAL,GB,,
21271-7806,RB,Darren,Darren McFadden,McFadden,3.96666654,3,4800,GB@DAL,DAL,GB,,
21271-14317,TE,Julius,Julius Thomas,Thomas,3.700000127,3,4800,TEN@MIA,MIA,TEN,,
21271-30709,WR,Bruce,Bruce Ellington,Ellington,7,3,4800,KC@HOU,HOU,KC,,
21271-14349,WR,Jeremy,Jeremy Kerley,Kerley,5.26666673,3,4700,NYJ@CLE,NYJ,CLE,,
21271-48344,WR,Albert,Albert Wilson,Wilson,6.900000095,4,4700,KC@HOU,KC,HOU,,
21271-11488,TE,Ed,Ed Dickson,Dickson,3.150000095,4,4700,CAR@DET,CAR,DET,,
21271-29932,K,Ka'imi,Ka'imi Fairbairn,Fairbairn,10.75,4,4700,KC@HOU,HOU,KC,,
21271-12532,D,Detroit,Detroit Lions,Lions,14.5,4,4700,CAR@DET,DET,CAR,,
21271-27908,TE,C.J.,C.J. Fiedorowicz,Fiedorowicz,6.599999905,1,4700,KC@HOU,HOU,KC,IR,Concussion
21271-12554,D,Jacksonville,Jacksonville Jaguars,Jaguars,13.5,4,4700,JAC@PIT,JAC,PIT,,
21271-41235,K,Jake,Jake Elliott,Elliott,13.33333333,3,4700,ARI@PHI,PHI,ARI,,
21271-32058,K,Chris,Chris Boswell,Boswell,8.25,4,4700,JAC@PIT,PIT,JAC,,
21271-33244,WR,Eli,Eli Rogers,Rogers,2.133333365,3,4700,JAC@PIT,PIT,JAC,,
21271-39445,WR,Brice,Brice Butler,Butler,7.5,4,4700,GB@DAL,DAL,GB,,
21271-57909,RB,Marlon,Marlon Mack,Mack,6.150000095,2,4700,SF@IND,IND,SF,Q,Shoulder
21271-11864,RB,Chris,Chris Ivory,Ivory,5.550000191,4,4700,JAC@PIT,JAC,PIT,,
21271-6767,K,Ryan,Ryan Succop,Succop,11.25,4,4700,TEN@MIA,TEN,MIA,,
21271-29314,TE,Richard,Richard Rodgers,Rodgers,3.200000048,1,4700,GB@DAL,GB,DAL,,
21271-33472,RB,C.J.,C.J. Prosise,Prosise,4.566666603,3,4700,SEA@LAR,SEA,LAR,Q,Ankle
21271-7975,RB,Mike,Mike Tolbert,Tolbert,5.074999809,4,4700,BUF@CIN,BUF,CIN,,
21271-14372,WR,Aldrick,Aldrick Robinson,Robinson,3.73333327,3,4600,SF@IND,SF,IND,,
21271-9442,WR,Brandon,Brandon Tate,Tate,0,2,4600,BUF@CIN,BUF,CIN,,
21271-11495,WR,Brandon,Brandon LaFell,LaFell,3.150000095,4,4600,BUF@CIN,CIN,BUF,,
21271-12526,D,Buffalo,Buffalo Bills,Bills,10.25,4,4600,BUF@CIN,BUF,CIN,,
21271-30968,RB,Eddie,Eddie Lacy,Lacy,2.75,2,4600,SEA@LAR,SEA,LAR,,
21271-12545,D,Philadelphia,Philadelphia Eagles,Eagles,8.5,4,4600,ARI@PHI,PHI,ARI,,
21271-33047,WR,Chris,Chris Moore,Moore,0,1,4600,BAL@OAK,BAL,OAK,,
21271-32045,TE,Vance,Vance McDonald,McDonald,0,2,4600,JAC@PIT,PIT,JAC,,
21271-60745,K,Jason,Jason Myers,Myers,10,4,4600,JAC@PIT,JAC,PIT,,
21271-52560,WR,Geronimo,Geronimo Allison,Allison,9.550000191,2,4600,GB@DAL,GB,DAL,,
21271-47523,WR,Tajae,Tajae Sharpe,Sharpe,5.300000191,16,4600,TEN@MIA,TEN,MIA,IR,Foot
21271-14761,WR,Andre,Andre Holmes,Holmes,4.625,4,4600,BUF@CIN,BUF,CIN,,
21271-39373,WR,Jaelen,Jaelen Strong,Strong,3.350000064,6,4600,JAC@PIT,JAC,PIT,Q,Hamstring
21271-34295,WR,Breshad,Breshad Perriman,Perriman,5.25E-01,4,4600,BAL@OAK,BAL,OAK,,
21271-6702,K,Phil,Phil Dawson,Dawson,9,4,4600,ARI@PHI,ARI,PHI,,
21271-14905,WR,Kamar,Kamar Aiken,Aiken,1.924999952,4,4600,SF@IND,IND,SF,,
21271-7784,WR,Darrius,Darrius Heyward-Bey,Heyward-Bey,3.E-01,1,4600,JAC@PIT,PIT,JAC,,
21271-29351,WR,De'Anthony,De'Anthony Thomas,Thomas,6.5E-01,4,4600,KC@HOU,KC,HOU,,
21271-30403,WR,Chris,Chris Conley,Conley,4.224999905,4,4600,KC@HOU,KC,HOU,,
21271-40669,WR,Tyler,Tyler Boyd,Boyd,1.899999936,3,4600,BUF@CIN,CIN,BUF,,
21271-7965,TE,Antonio,Antonio Gates,Gates,4.525000095,4,4600,LAC@NYG,LAC,NYG,,
21271-26458,WR,Tavon,Tavon Austin,Austin,1.399999976,4,4600,SEA@LAR,LAR,SEA,,
21271-24569,K,Chandler,Chandler Catanzaro,Catanzaro,10.25,4,4600,NYJ@CLE,NYJ,CLE,,
21271-14348,TE,Lee,Lee Smith,Smith,1.950000048,2,4500,BAL@OAK,OAK,BAL,,
21271-24589,WR,Jaron,Jaron Brown,Brown,8.375,4,4500,ARI@PHI,ARI,PHI,,
21271-23569,TE,Rico,Rico Gathers,Gathers,0,0,4500,GB@DAL,DAL,GB,IR,Concussion
21271-53266,WR,BJ,BJ Johnson III,Johnson III,0,0,4500,SF@IND,SF,IND,,
21271-14358,WR,Dwayne,Dwayne Harris,Harris,0,3,4500,LAC@NYG,NYG,LAC,,
21271-27672,TE,Matt,Matt LaCosse,LaCosse,0,0,4500,LAC@NYG,NYG,LAC,,
21271-14369,RB,Jordan,Jordan Todman,Todman,0,1,4500,KC@HOU,HOU,KC,,
21271-56356,WR,Isaiah,Isaiah Ford,Ford,0,0,4500,TEN@MIA,MIA,TEN,IR,Knee - meniscus
21271-55335,TE,David,David Njoku,Njoku,5.875,4,4500,NYJ@CLE,CLE,NYJ,,
21271-27692,RB,Josh,Josh Ferguson,Ferguson,1.969230799,13,4500,SF@IND,IND,SF,,
21271-62508,TE,James,James O'Shaughnessy,O'Shaughnessy,1.333333333,3,4500,JAC@PIT,JAC,PIT,,
21271-24621,WR,Charone,Charone Peake,Peake,8.E-01,1,4500,NYJ@CLE,NYJ,CLE,IR,Ankle
21271-62510,TE,Nick,Nick Boyle,Boyle,2.950000048,4,4500,BAL@OAK,BAL,OAK,,
21271-62515,TE,Neal,Neal Sterling,Sterling,6.5E-01,2,4500,NYJ@CLE,NYJ,CLE,,
21271-25654,RB,Tommy,Tommy Bohanon,Bohanon,3.433333397,3,4500,JAC@PIT,JAC,PIT,,
21271-30775,WR,Justin,Justin Hunter,Hunter,1,1,4500,JAC@PIT,PIT,JAC,,
21271-28744,RB,Raheem,Raheem Mostert,Mostert,-9.E-01,1,4500,SF@IND,SF,IND,,
21271-30807,TE,Mychal,Mychal Rivera,Rivera,3.420000076,10,4500,JAC@PIT,JAC,PIT,IR,Wrist
21271-79972,WR,Chad,Chad Williams,Williams,1.649999976,2,4500,ARI@PHI,ARI,PHI,,
21271-29805,TE,Ryan,Ryan Hewitt,Hewitt,2.099999905,1,4500,BUF@CIN,CIN,BUF,Q,Knee
21271-42095,WR,ArDarius,ArDarius Stewart,Stewart,1.633333365,3,4500,NYJ@CLE,NYJ,CLE,,
21271-79998,WR,Keelan,Keelan Cole,Cole,1.399999976,4,4500,JAC@PIT,JAC,PIT,,
21271-80001,RB,Austin,Austin Ekeler,Ekeler,4.175000191,4,4500,LAC@NYG,LAC,NYG,,
21271-31874,RB,Kenneth,Kenneth Farrow,Farrow,3.070000076,10,4500,LAC@NYG,LAC,NYG,IR,Ankle
21271-24718,WR,Max,Max McCaffrey,McCaffrey,0,0,4500,JAC@PIT,JAC,PIT,,
21271-28815,RB,Akeem,Akeem Hunt,Hunt,0,3,4500,KC@HOU,KC,HOU,,
21271-62617,TE,Khari,Khari Lee,Lee,0,1,4500,BUF@CIN,BUF,CIN,,
21271-46244,RB,Donnel,Donnel Pumphrey,Pumphrey,0,0,4500,ARI@PHI,PHI,ARI,IR,Hamstring
21271-11431,TE,Jermaine,Jermaine Gresham,Gresham,4.133333206,3,4500,ARI@PHI,ARI,PHI,,
21271-25775,TE,Clive,Clive Walford,Walford,8.E-01,2,4500,BAL@OAK,OAK,BAL,,
21271-25783,RB,Mike,Mike James,James,2.033333302,3,4500,CAR@DET,DET,CAR,IR,Concussion
21271-52410,WR,Josh,Josh Malone,Malone,0,0,4500,BUF@CIN,CIN,BUF,,
21271-25789,WR,Rashawn,Rashawn Scott,Scott,0,0,4500,TEN@MIA,MIA,TEN,NA,Foot
21271-32957,TE,Eric,Eric Tomlinson,Tomlinson,1.75,2,4500,NYJ@CLE,NYJ,CLE,,
21271-9409,TE,Clark,Clark Harris,Harris,0,0,4500,BUF@CIN,CIN,BUF,,
21271-11457,WR,Arrelious,Arrelious Benn,Benn,1.700000048,1,4500,JAC@PIT,JAC,PIT,,
21271-41163,WR,Keeon,Keeon Johnson,Johnson,0,0,4500,LAC@NYG,NYG,LAC,IR,Foot
21271-28890,RB,Derek,Derek Watt,Watt,0,1,4500,LAC@NYG,LAC,NYG,,
21271-22754,TE,Garrett,Garrett Celek,Celek,3.849999905,2,4500,SF@IND,SF,IND,,
21271-25827,TE,Asante,Asante Cleveland,Cleveland,0,0,4500,LAC@NYG,LAC,NYG,IR,Undisclosed
21271-40164,WR,Shelton,Shelton Gibson,Gibson,0,0,4500,ARI@PHI,PHI,ARI,,
21271-28907,WR,Alex,Alex Erickson,Erickson,2.099999905,4,4500,BUF@CIN,CIN,BUF,,
21271-12528,D,Cincinnati,Cincinnati Bengals,Bengals,8.25,4,4500,BUF@CIN,CIN,BUF,,
21271-24817,TE,Nick,Nick O'Leary,O'Leary,3.150000095,2,4500,BUF@CIN,BUF,CIN,,
21271-39153,TE,Ifeanyi,Ifeanyi Momah,Momah,5.099999905,1,4500,ARI@PHI,ARI,PHI,,
21271-45299,RB,David,David Fluellen,Fluellen,1.049999952,2,4500,TEN@MIA,TEN,MIA,,
21271-12533,D,Green Bay,Green Bay Packers,Packers,6.75,4,4500,GB@DAL,GB,DAL,,
21271-33013,RB,Tion,Tion Green,Green,0,0,4500,CAR@DET,DET,CAR,,
21271-12534,D,Tennessee,Tennessee Titans,Titans,3,4,4500,TEN@MIA,TEN,MIA,,
21271-32000,TE,Luke,Luke Willson,Willson,5.974999905,4,4500,SEA@LAR,SEA,LAR,,
21271-12548,D,Los Angeles,Los Angeles Chargers,Chargers,4.25,4,4500,LAC@NYG,LAC,NYG,,
21271-28933,WR,Jared,Jared Abbrederis,Abbrederis,6.5E-01,2,4500,CAR@DET,DET,CAR,,
21271-33029,RB,George,George Winn,Winn,0,0,4500,SF@IND,IND,SF,IR,Undisclosed
21271-12555,D,Baltimore,Baltimore Ravens,Ravens,10.25,4,4500,BAL@OAK,BAL,OAK,,
21271-30989,RB,Kenyan,Kenyan Drake,Drake,8.33333E-01,3,4500,TEN@MIA,MIA,TEN,,
21271-30990,RB,Jalston,Jalston Fowler,Fowler,6.300000191,1,4500,TEN@MIA,TEN,MIA,,
21271-24847,TE,Will,Will Tye,Tye,2.900000095,2,4500,NYJ@CLE,NYJ,CLE,,
21271-45335,TE,Michael,Michael Roberts,Roberts,2,1,4500,CAR@DET,DET,CAR,,
21271-34073,TE,Ryan,Ryan Griffin,Griffin,5.633333206,3,4500,KC@HOU,HOU,KC,,
21271-53532,WR,Roger,Roger Lewis,Lewis,3.600000064,3,4500,LAC@NYG,NYG,LAC,,
21271-24862,WR,Rashad,Rashad Greene Sr.,Greene Sr.,4.625E-01,8,4500,JAC@PIT,JAC,PIT,IR,Undisclosed
21271-30004,WR,Kasen,Kasen Williams,Williams,0.5,3,4500,NYJ@CLE,CLE,NYJ,,
21271-14645,WR,Dontrelle,Dontrelle Inman,Inman,6.33333E-01,3,4500,LAC@NYG,LAC,NYG,,
21271-31036,WR,Kevin,Kevin Norwood,Norwood,0,0,4500,LAC@NYG,NYG,LAC,IR,Hip
21271-43334,RB,J.D.,J.D. McKissic,McKissic,19,1,4500,SEA@LAR,SEA,LAR,,
21271-31061,RB,T.J.,T.J. Yeldon,Yeldon,7.51333313,15,4500,JAC@PIT,JAC,PIT,,
21271-41305,WR,Zay,Zay Jones,Jones,1.924999952,4,4500,BUF@CIN,BUF,CIN,,
21271-14683,RB,Patrick,Patrick DiMarco,DiMarco,2.66667E-01,3,4500,BUF@CIN,BUF,CIN,,
21271-54621,WR,Walter,Walter Powell,Powell,3.028571538,7,4500,BUF@CIN,BUF,CIN,,
21271-38264,WR,Demarcus,Demarcus Robinson,Robinson,1.899999976,1,4500,KC@HOU,KC,HOU,,
21271-37245,RB,Fozzy,Fozzy Whittaker,Whittaker,4.066666603,3,4500,CAR@DET,CAR,DET,,
21271-38269,RB,Cameron,Cameron Artis-Payne,Artis-Payne,9.333333333,3,4500,CAR@DET,CAR,DET,,
21271-22920,TE,Derek,Derek Carrier,Carrier,1.76666673,3,4500,SEA@LAR,LAR,SEA,,
21271-55694,WR,Michael,Michael Thomas,Thomas,4.57143E-01,7,4500,SEA@LAR,LAR,SEA,,
21271-54674,WR,Jeremy,Jeremy Butler,Butler,1.049999952,2,4500,BUF@CIN,BUF,CIN,IR,Concussion
21271-28055,WR,Amara,Amara Darboh,Darboh,1.024999976,4,4500,SEA@LAR,SEA,LAR,,
21271-43416,WR,Trent,Trent Taylor,Taylor,5.199999809,4,4500,SF@IND,SF,IND,,
21271-41370,WR,Trevor,Trevor Davis,Davis,3.5E-01,4,4500,GB@DAL,GB,DAL,,
21271-38301,TE,Darren,Darren Fells,Fells,2.700000127,3,4500,CAR@DET,DET,CAR,,
21271-80289,WR,Kendrick,Kendrick Bourne,Bourne,0,0,4500,SF@IND,SF,IND,,
21271-28065,WR,Jehu,Jehu Chesson,Chesson,0,0,4500,KC@HOU,KC,HOU,,
21271-26045,WR,Leonte,Leonte Carroo,Carroo,0,1,4500,TEN@MIA,MIA,TEN,,
21271-53697,WR,Kaelin,Kaelin Clay,Clay,1.099999984,3,4500,BUF@CIN,BUF,CIN,,
21271-39369,K,Zane,Zane Gonzalez,Gonzalez,3.25,4,4500,NYJ@CLE,CLE,NYJ,,
21271-28106,RB,Joe,Joe Kerridge,Kerridge,0,1,4500,GB@DAL,GB,DAL,,
21271-54742,TE,Scott,Scott Simonson,Simonson,0,0,4500,CAR@DET,CAR,DET,IR,Back
21271-23003,TE,Phillip,Phillip Supernaw,Supernaw,8.E-01,1,4500,TEN@MIA,TEN,MIA,,
21271-6622,WR,Eric,Eric Weems,Weems,0,2,4500,TEN@MIA,TEN,MIA,,
21271-15838,TE,Erik,Erik Swoope,Swoope,4.800000085,9,4500,SF@IND,IND,SF,IR,Knee
21271-14816,TE,Kyle,Kyle Nelson,Nelson,0,0,4500,SF@IND,SF,IND,,
21271-31207,TE,C.J.,C.J. Uzomah,Uzomah,1.600000024,1,4500,BUF@CIN,CIN,BUF,,
21271-32234,RB,Malcolm,Malcolm Brown,Brown,3.200000127,3,4500,SEA@LAR,LAR,SEA,,
21271-32235,WR,Marcus,Marcus Johnson,Johnson,0,1,4500,ARI@PHI,PHI,ARI,,
21271-27117,TE,Sean,Sean Culkin,Culkin,0,0,4500,LAC@NYG,LAC,NYG,,
21271-60910,WR,Dede,Dede Westbrook,Westbrook,0,0,4500,JAC@PIT,JAC,PIT,IR,Abdomen
21271-41469,TE,Darrell,Darrell Daniels,Daniels,5.5E-01,2,4500,SF@IND,IND,SF,,
21271-29183,RB,D.J.,D.J. Foster,Foster,1.033333302,3,4500,ARI@PHI,ARI,PHI,,
21271-39428,RB,Kyle,Kyle Juszczyk,Juszczyk,3.46666654,3,4500,SF@IND,SF,IND,,
21271-23046,RB,Jamize,Jamize Olawale,Olawale,2.5,1,4500,BAL@OAK,OAK,BAL,,
21271-31241,WR,Sammie,Sammie Coates,Coates,0,1,4500,NYJ@CLE,CLE,NYJ,Q,Hamstring
21271-6668,K,Adam,Adam Vinatieri,Vinatieri,5.75,4,4500,SF@IND,IND,SF,,
21271-6672,TE,Marcedes,Marcedes Lewis,Lewis,6.550000191,4,4500,JAC@PIT,JAC,PIT,,
21271-80400,RB,Lenard,Lenard Tillery,Tillery,0,0,4500,SEA@LAR,LAR,SEA,IR,Undisclosed
21271-40477,TE,Keith,Keith Towbridge,Towbridge,0,0,4500,BUF@CIN,BUF,CIN,IR,Undisclosed
21271-31263,WR,Ricardo,Ricardo Louis,Louis,4.574999809,4,4500,NYJ@CLE,CLE,NYJ,,
21271-22048,RB,Robert,Robert Turbin,Turbin,3.125,4,4500,SF@IND,IND,SF,,
21271-30244,RB,Matt,Matt Jones,Jones,7.E-01,2,4500,SF@IND,IND,SF,,
21271-31269,RB,Corey,Corey Grant,Grant,4,3,4500,JAC@PIT,JAC,PIT,,
21271-7718,RB,Cedric,Cedric Peerman,Peerman,1.5,1,4500,BUF@CIN,CIN,BUF,IR,Shoulder
21271-33320,RB,Senorise,Senorise Perry,Perry,0,0,4500,TEN@MIA,MIA,TEN,,
21271-31280,K,Cody,Cody Parkey,Parkey,7.5,2,4500,TEN@MIA,MIA,TEN,,
21271-22065,TE,Rhett,Rhett Ellison,Ellison,4.200000127,3,4500,LAC@NYG,NYG,LAC,,
21271-62002,RB,Devante,Devante Mays,Mays,0,0,4500,GB@DAL,GB,DAL,,
21271-28226,WR,Aaron,Aaron Burbridge,Burbridge,1.287500024,8,4500,SF@IND,SF,IND,IR,Hamstring
21271-32331,RB,Tra,Tra Carson,Carson,0,0,4500,BUF@CIN,CIN,BUF,IR,Undisclosed
21271-31308,WR,Quan,Quan Bray,Bray,6.75E-01,4,4500,SF@IND,IND,SF,,
21271-43599,TE,Andrew,Andrew Price,Price,0,0,4500,CAR@DET,DET,CAR,,
21271-22100,K,Randy,Randy Bullock,Bullock,8,3,4500,BUF@CIN,CIN,BUF,,
21271-18009,TE,Chris,Chris Manhertz,Manhertz,1.5,1,4500,CAR@DET,CAR,DET,,
21271-30297,TE,Trey,Trey Burton,Burton,1.600000024,2,4500,ARI@PHI,PHI,ARI,,
21271-31321,RB,Jay,Jay Prosch,Prosch,0.4,5,4500,KC@HOU,HOU,KC,,
21271-29277,TE,Stephen,Stephen Anderson,Anderson,2.700000127,3,4500,KC@HOU,HOU,KC,,
21271-64104,RB,Terrell,Terrell Watson,Watson,1.66667E-01,3,4500,JAC@PIT,PIT,JAC,,
21271-22123,TE,James,James Hanna,Hanna,9.300000191,1,4500,GB@DAL,DAL,GB,,
21271-6778,TE,Anthony,Anthony Fasano,Fasano,2.429999924,10,4500,TEN@MIA,MIA,TEN,,
21271-38523,TE,Geoff,Geoff Swaim,Swaim,1.649999936,6,4500,GB@DAL,DAL,GB,,
21271-55940,WR,Chad,Chad Hansen,Hansen,0,0,4500,NYJ@CLE,NYJ,CLE,,
21271-40586,WR,Fred,Fred Ross Jr.,Ross Jr.,0,0,4500,CAR@DET,CAR,DET,IR,Ankle
21271-28311,TE,MarQueis,MarQueis Gray,Gray,3.049999952,8,4500,TEN@MIA,MIA,TEN,,
21271-23194,WR,Josh,Josh Gordon,Gordon,0,0,4500,NYJ@CLE,CLE,NYJ,O,Suspension
21271-45723,TE,Crockett,Crockett Gillmore,Gillmore,3.420000076,5,4500,BAL@OAK,BAL,OAK,IR,Knee
21271-47780,WR,Taywan,Taywan Taylor,Taylor,2.950000048,4,4500,TEN@MIA,TEN,MIA,,
21271-41642,K,Harrison,Harrison Butker,Butker,12,1,4500,KC@HOU,KC,HOU,,
21271-31406,RB,Alfred,Alfred Blue,Blue,1.200000048,1,4500,KC@HOU,HOU,KC,,
21271-25267,WR,Mack,Mack Hollins,Hollins,4.699999809,1,4500,ARI@PHI,PHI,ARI,,
21271-22198,WR,Brittan,Brittan Golden,Golden,3,2,4500,ARI@PHI,ARI,PHI,,
21271-28346,TE,Maxx,Maxx Williams,Williams,2.650000095,2,4500,BAL@OAK,BAL,OAK,Q,Foot
21271-70335,TE,Seth,Seth DeValve,DeValve,4.474999905,4,4500,NYJ@CLE,CLE,NYJ,,
21271-39615,TE,Brandon,Brandon Williams,Williams,2.466666698,3,4500,SF@IND,IND,SF,,
21271-52931,RB,Elijhaa,Elijhaa Penny,Penny,1.E-01,1,4500,ARI@PHI,ARI,PHI,,
21271-70342,TE,Temarrick,Temarrick Hemingway,Hemingway,0,0,4500,SEA@LAR,LAR,SEA,IR,Lower leg
21271-22220,TE,Sean,Sean McGrath,McGrath,1.5,1,4500,LAC@NYG,LAC,NYG,,
21271-30412,WR,Tavarres,Tavarres King,King,2,3,4500,LAC@NYG,NYG,LAC,,
21271-16078,TE,Ross,Ross Travis,Travis,0,2,4500,KC@HOU,KC,HOU,,
21271-29390,TE,Evan,Evan Baylis,Baylis,0,0,4500,SF@IND,IND,SF,,
21271-33488,TE,Troy,Troy Niklas,Niklas,1.199999968,3,4500,ARI@PHI,ARI,PHI,,
21271-40665,RB,Matthew,Matthew Dayes,Dayes,1.399999976,2,4500,NYJ@CLE,CLE,NYJ,,
21271-38624,RB,T.J.,T.J. Logan,Logan,0,0,4500,ARI@PHI,ARI,PHI,IR,Wrist
21271-70372,WR,Chester,Chester Rogers,Rogers,2.628571374,14,4500,SF@IND,IND,SF,Q,Hamstring
21271-38634,WR,Ryan,Ryan Switzer,Switzer,-3.5E-01,4,4500,GB@DAL,DAL,GB,,
21271-44784,RB,Darius,Darius Jackson,Jackson,0,0,4500,NYJ@CLE,CLE,NYJ,IR,Knee
21271-26355,TE,Logan,Logan Thomas,Thomas,0,0,4500,BUF@CIN,BUF,CIN,,
21271-33531,TE,Ben,Ben Koyack,Koyack,0,1,4500,JAC@PIT,JAC,PIT,,
21271-45821,WR,Isaiah,Isaiah Burse,Burse,0,8,4500,LAC@NYG,LAC,NYG,IR,Concussion
21271-6910,K,Robbie,Robbie Gould,Gould,10.5,4,4500,SF@IND,SF,IND,,
21271-47870,TE,Tyler,Tyler Higbee,Higbee,2.450000048,4,4500,SEA@LAR,LAR,SEA,,
21271-33552,WR,TJ,TJ Jones,Jones,6.266666412,3,4500,CAR@DET,DET,CAR,,
21271-15121,WR,Chris,Chris Matthews,Matthews,1.5,2,4500,BAL@OAK,BAL,OAK,,
21271-27411,RB,Aaron,Aaron Ripkowski,Ripkowski,1.100000024,2,4500,GB@DAL,GB,DAL,,
21271-22292,RB,Lance,Lance Dunbar,Dunbar,2.663636294,11,4500,SEA@LAR,LAR,SEA,NA,Knee
21271-28437,RB,Danny,Danny Vitale,Vitale,9.4E-01,5,4500,NYJ@CLE,CLE,NYJ,,
21271-12055,TE,Logan,Logan Paulsen,Paulsen,0,1,4500,SF@IND,SF,IND,,
21271-70422,WR,Kalif,Kalif Raymond,Raymond,-1,2,4500,NYJ@CLE,NYJ,CLE,,
21271-22308,RB,Joe,Joe Banyard,Banyard,7.E-01,1,4500,BUF@CIN,BUF,CIN,,
21271-31524,WR,Cody,Cody Core,Core,0,1,4500,BUF@CIN,CIN,BUF,,
21271-29477,TE,Connor,Connor Hamlett,Hamlett,8.199999809,1,4500,GB@DAL,DAL,GB,,
21271-32556,WR,Deante',Deante' Gray,Gray,0,0,4500,KC@HOU,HOU,KC,IR,Knee - acl
21271-22317,WR,Brenton,Brenton Bersin,Bersin,1.350000024,2,4500,CAR@DET,CAR,DET,,
21271-10030,WR,Harry,Harry Douglas,Douglas,4.071428571,7,4500,TEN@MIA,TEN,MIA,IR,Knee
21271-27441,RB,Damien,Damien Williams,Williams,8.5E-01,2,4500,TEN@MIA,MIA,TEN,,
21271-40758,RB,Corey,Corey Clement,Clement,5.599999905,2,4500,ARI@PHI,PHI,ARI,,
21271-38722,TE,Cethan,Cethan Carter,Carter,0,0,4500,BUF@CIN,CIN,BUF,,
21271-70467,WR,Andy,Andy Jones,Jones,0,0,4500,CAR@DET,DET,CAR,,
21271-70496,K,Aldrick,Aldrick Rosas,Rosas,4.75,4,4500,LAC@NYG,NYG,LAC,,
21271-53097,WR,Josh,Josh Reynolds,Reynolds,3.299999952,1,4500,SEA@LAR,LAR,SEA,,
21271-28525,WR,Braxton,Braxton Miller,Miller,1.333333333,3,4500,KC@HOU,HOU,KC,,
21271-39793,TE,George,George Kittle,Kittle,3.325000048,4,4500,SF@IND,SF,IND,,
21271-32632,WR,Bradley,Bradley Marquez,Marquez,7.71429E-01,7,4500,SEA@LAR,LAR,SEA,IR,Knee
21271-28545,RB,Rod,Rod Smith,Smith,8.E-01,1,4500,GB@DAL,DAL,GB,,
21271-38790,WR,Jalin,Jalin Marshall,Marshall,3.120000076,10,4500,NYJ@CLE,NYJ,CLE,,
21271-39814,TE,Jordan,Jordan Leggett,Leggett,0,0,4500,NYJ@CLE,NYJ,CLE,Q,Knee
21271-19342,TE,Demetrius,Demetrius Harris,Harris,4.25,2,4500,KC@HOU,KC,HOU,,
21271-29583,TE,Randall,Randall Telfer,Telfer,1.700000048,2,4500,NYJ@CLE,CLE,NYJ,,
21271-29592,TE,Xavier,Xavier Grimble,Grimble,3.662499905,8,4500,JAC@PIT,PIT,JAC,,
21271-28570,TE,Nick,Nick Vannett,Vannett,1.5,1,4500,SEA@LAR,SEA,LAR,,
21271-14240,TE,Lance,Lance Kendricks,Kendricks,5.166666667,3,4500,GB@DAL,GB,DAL,,
21271-34729,RB,Dwayne,Dwayne Washington,Washington,1.549999952,2,4500,CAR@DET,DET,CAR,Q,Quadriceps
21271-29624,RB,Tre,Tre Madden,Madden,0,0,4500,SEA@LAR,SEA,LAR,,
21271-56248,WR,Noah,Noah Brown,Brown,1.799999952,1,4500,GB@DAL,DAL,GB,,
21271-43961,RB,Tyler,Tyler Ervin,Ervin,2.25,4,4500,KC@HOU,HOU,KC,O,Knee
21271-30652,WR,Tanner,Tanner McEvoy,McEvoy,0,2,4500,SEA@LAR,SEA,LAR,,
21271-30654,TE,Jerell,Jerell Adams,Adams,4.300000191,1,4500,LAC@NYG,NYG,LAC,,
21271-32703,WR,Jakeem,Jakeem Grant,Grant,5.66667E-01,3,4500,TEN@MIA,MIA,TEN,,
21271-41922,WR,Johnny,Johnny Holton,Holton,12.89999962,1,4500,BAL@OAK,OAK,BAL,,
21271-43970,RB,Shane,Shane Smith,Smith,0,0,4500,LAC@NYG,NYG,LAC,,
21271-57299,TE,Gerald,Gerald Everett,Everett,5.566666921,3,4500,SEA@LAR,LAR,SEA,,
21271-30678,WR,Damiere,Damiere Byrd,Byrd,3.E-01,4,4500,CAR@DET,CAR,DET,IR,Arm
21271-25561,WR,Michael,Michael Campanaro,Campanaro,1.674999952,4,4500,BAL@OAK,BAL,OAK,,
21271-53212,K,Younghoe,Younghoe Koo,Koo,4.75,4,4500,LAC@NYG,LAC,NYG,,
21271-41954,WR,Victor,Victor Bolden Jr.,Bolden Jr.,0,3,4500,SF@IND,SF,IND,,
21271-40932,WR,Pharoh,Pharoh Cooper,Cooper,-2.75E-01,4,4500,SEA@LAR,LAR,SEA,,
21271-41964,WR,Vince,Vince Mayle,Mayle,0,0,4500,BAL@OAK,BAL,OAK,,
21271-14319,RB,Taiwan,Taiwan Jones,Jones,0,1,4500,BUF@CIN,BUF,CIN,,
21271-48116,TE,Jonnu,Jonnu Smith,Smith,6.299999873,3,4500,TEN@MIA,TEN,MIA,,
21271-14327,RB,Anthony,Anthony Sherman,Sherman,1.600000024,1,4500,KC@HOU,KC,HOU,,
21271-12530,D,Dallas,Dallas Cowboys,Cowboys,4.5,4,4400,GB@DAL,DAL,GB,,
21271-12535,D,Indianapolis,Indianapolis Colts,Colts,5.75,4,4400,SF@IND,IND,SF,,
21271-12553,D,Carolina,Carolina Panthers,Panthers,6.75,4,4400,CAR@DET,CAR,DET,,
21271-12529,D,Cleveland,Cleveland Browns,Browns,4.5,4,4300,NYJ@CLE,CLE,NYJ,,
21271-12537,D,Oakland,Oakland Raiders,Raiders,5.25,4,4300,BAL@OAK,OAK,BAL,,
21271-12544,D,New York,New York Jets,Jets,4.5,4,4300,NYJ@CLE,NYJ,CLE,,
21271-12546,D,Arizona,Arizona Cardinals,Cardinals,6,4,4300,ARI@PHI,ARI,PHI,,
21271-12556,D,Houston,Houston Texans,Texans,9.25,4,4300,KC@HOU,HOU,KC,,
21271-12543,D,New York,New York Giants,Giants,3.5,4,4200,LAC@NYG,NYG,LAC,,
21271-12549,D,San Francisco,San Francisco 49ers,49ers,5,4,4200,SF@IND,SF,IND,,
21271-12539,D,Miami,Miami Dolphins,Dolphins,3,3,4100,TEN@MIA,MIA,TEN
