Id,Position,First Name,Nickname,Last Name,FPPG,Played,Salary,Game,Team,Opponent,Injury Indicator,Injury Details,Tier,,,Roster Position
65907-39280,RB,Derrick,Derrick Henry,Henry,25.357142857142858,7,10500,TEN@IND,TEN,IND,,,,,,RB/FLEX
65907-55050,RB,Christian,Christian McCaffrey,McCaffrey,16.8000005086263,3,10000,CAR@ATL,CAR,ATL,IR,Hamstring,,,,RB/FLEX
65907-79970,WR,Cooper,Cooper Kupp,Kupp,23.199999128069198,7,9200,LAR@HOU,LAR,HOU,,,,,,WR/FLEX
65907-54140,RB,Dalvin,Dalvin Cook,Cook,14.975000381469727,4,9200,DAL@MIN,MIN,DAL,,,,,,RB/FLEX
65907-90575,RB,Najee,Najee Harris,Harris,17.366666158040363,6,9000,PIT@CLE,PIT,CLE,,,,,,RB/FLEX
65907-62239,QB,Josh,Josh Allen,Allen,26.553334554036457,6,8800,MIA@BUF,BUF,MIA,,,,,,QB
65907-80001,RB,Austin,Austin Ekeler,Ekeler,19.21666717529297,6,8700,NE@LAC,LAC,NE,,,,,,RB/FLEX
65907-45889,WR,Davante,Davante Adams,Adams,16.914285932268417,7,8700,GB@ARI,GB,ARI,IR,Illness,,,,WR/FLEX
65907-89675,RB,Jonathan,Jonathan Taylor,Taylor,17.457142421177455,7,8500,TEN@IND,IND,TEN,,,,,,RB/FLEX
65907-38791,RB,Ezekiel,Ezekiel Elliott,Elliott,17.766666412353516,6,8500,DAL@MIN,DAL,MIN,,,,,,RB/FLEX
65907-63484,QB,Kyler,Kyler Murray,Murray,24.811427525111608,7,8500,GB@ARI,ARI,GB,,,,,,QB
65907-57439,QB,Patrick,Patrick Mahomes,Mahomes,24.374285016741073,7,8400,NYG@KC,KC,NYG,Q,Undisclosed,,,,QB
65907-42104,RB,Alvin,Alvin Kamara,Kamara,18.083333333333332,6,8400,TB@NO,NO,TB,,,,,,RB/FLEX
65907-69531,QB,Jalen,Jalen Hurts,Hurts,24.962857927594865,7,8400,PHI@DET,PHI,DET,,,,,,QB
65907-6498,QB,Tom,Tom Brady,Brady,25.67142813546317,7,8300,TB@NO,TB,NO,,,,,,QB
65907-53681,WR,Tyreek,Tyreek Hill,Hill,17.77142878941127,7,8200,NYG@KC,KC,NYG,,,,,,WR/FLEX
65907-6654,QB,Matthew,Matthew Stafford,Stafford,23.325714111328125,7,8200,LAR@HOU,LAR,HOU,,,,,,QB
65907-31716,QB,Dak,Dak Prescott,Prescott,22.253334045410156,6,8200,DAL@MIN,DAL,MIN,Q,Calf,,,,QB
65907-130288,RB,James,James Robinson,Robinson,16.016666412353516,6,8200,JAC@SEA,JAC,SEA,,,,,,RB/FLEX
65907-85701,WR,Ja'Marr,Ja'Marr Chase,Chase,18.385713849748885,7,8200,CIN@NYJ,CIN,NYJ,,,,,,WR/FLEX
65907-33076,TE,Travis,Travis Kelce,Kelce,14.257143293108259,7,8000,NYG@KC,KC,NYG,,,,,,TE/FLEX
65907-53562,RB,Nick,Nick Chubb,Chubb,16.060000610351562,5,8000,PIT@CLE,CLE,PIT,Q,Calf,,,,RB/FLEX
65907-40442,RB,Aaron,Aaron Jones,Jones,15.142857142857142,7,8000,GB@ARI,GB,ARI,,,,,,RB/FLEX
65907-91598,RB,D'Andre,D'Andre Swift,Swift,16.614286150251115,7,7900,PHI@DET,DET,PHI,,,,,,RB/FLEX
65907-69189,QB,Justin,Justin Herbert,Herbert,23.0066655476888,6,7900,NE@LAC,LAC,NE,,,,,,QB
65907-86631,WR,CeeDee,CeeDee Lamb,Lamb,15.333333333333334,6,7800,DAL@MIN,DAL,MIN,,,,,,WR/FLEX
65907-56018,WR,Deebo,Deebo Samuel,Samuel,18.666666666666668,6,7800,SF@CHI,SF,CHI,,,,,,WR/FLEX
65907-63336,QB,Joe,Joe Burrow,Burrow,20.662857055664062,7,7800,CIN@NYJ,CIN,NYJ,,,,,,QB
65907-16606,WR,DeAndre,DeAndre Hopkins,Hopkins,14.357142857142858,7,7700,GB@ARI,ARI,GB,Q,Hamstring,,,,WR/FLEX
65907-70157,RB,Darrell,Darrell Henderson Jr.,Henderson Jr.,15.5,6,7700,LAR@HOU,LAR,HOU,,,,,,RB/FLEX
65907-6894,QB,Aaron,Aaron Rodgers,Rodgers,20.271427699497767,7,7700,GB@ARI,GB,ARI,,,,,,QB
65907-63043,WR,DJ,DJ Moore,Moore,14.242856706891741,7,7700,CAR@ATL,CAR,ATL,,,,,,WR/FLEX
65907-85671,WR,Justin,Justin Jefferson,Jefferson,15.18999989827474,6,7700,DAL@MIN,MIN,DAL,,,,,,WR/FLEX
65907-39716,WR,Adam,Adam Thielen,Thielen,14.666666666666666,6,7600,DAL@MIN,MIN,DAL,,,,,,WR/FLEX
65907-39829,WR,Mike,Mike Williams,Williams,17.383333841959637,6,7600,NE@LAC,LAC,NE,,,,,,WR/FLEX
65907-72846,WR,A.J.,A.J. Brown,Brown,10.033333460489908,6,7600,TEN@IND,TEN,IND,,,,,,WR/FLEX
65907-52442,RB,Joe,Joe Mixon,Mixon,14.200000217982701,7,7600,CIN@NYJ,CIN,NYJ,,,,,,RB/FLEX
65907-22038,QB,Kirk,Kirk Cousins,Cousins,21.076666514078777,6,7600,DAL@MIN,MIN,DAL,,,,,,QB
65907-66008,WR,Diontae,Diontae Johnson,Johnson,15.019999694824218,5,7500,PIT@CLE,PIT,CLE,,,,,,WR/FLEX
65907-21948,QB,Ryan,Ryan Tannehill,Tannehill,17.197142464773997,7,7500,TEN@IND,TEN,IND,,,,,,QB
65907-32384,WR,Mike,Mike Evans,Evans,15.728571210588727,7,7500,TB@NO,TB,NO,,,,,,WR/FLEX
65907-24849,QB,Jameis,Jameis Winston,Winston,18.360000610351562,6,7400,TB@NO,NO,TB,,,,,,QB
65907-56250,WR,Terry,Terry McLaurin,McLaurin,14.142857142857142,7,7400,WAS@DEN,WAS,DEN,Q,Ankle,,,,WR/FLEX
65907-73048,WR,DK,DK Metcalf,Metcalf,15.17142813546317,7,7400,JAC@SEA,SEA,JAC,,,,,,WR/FLEX
65907-30733,RB,Cordarrelle,Cordarrelle Patterson,Patterson,17.066666920979817,6,7300,CAR@ATL,ATL,CAR,,,,,,RB/FLEX
65907-63519,QB,Daniel,Daniel Jones,Jones,17.725714547293528,7,7300,NYG@KC,NYG,KC,,,,,,QB
65907-63589,QB,Sam,Sam Darnold,Darnold,18.051428658621653,7,7300,CAR@ATL,CAR,ATL,,,,,,QB
65907-25079,WR,Stefon,Stefon Diggs,Diggs,12.800000508626303,6,7300,MIA@BUF,BUF,MIA,,,,,,WR/FLEX
65907-11612,WR,Antonio,Antonio Brown,Brown,16.18000030517578,5,7300,TB@NO,TB,NO,D,Ankle,,,,WR/FLEX
65907-55635,WR,Chris,Chris Godwin,Godwin,13.599999564034599,7,7200,TB@NO,TB,NO,,,,,,WR/FLEX
65907-6616,QB,Matt,Matt Ryan,Ryan,18.553333282470703,6,7200,CAR@ATL,ATL,CAR,,,,,,QB
65907-70324,QB,Carson,Carson Wentz,Wentz,17.5,7,7200,TEN@IND,IND,TEN,,,,,,QB
65907-52922,RB,Leonard,Leonard Fournette,Fournette,14.428571428571429,7,7200,TB@NO,TB,NO,,,,,,RB/FLEX
65907-57403,WR,Courtland,Courtland Sutton,Sutton,12.12857164655413,7,7100,WAS@DEN,DEN,WAS,,,,,,WR/FLEX
65907-90572,QB,Tua,Tua Tagovailoa,Tagovailoa,17.149999618530273,4,7100,MIA@BUF,MIA,BUF,,,,,,QB
65907-53331,QB,Taylor,Taylor Heinicke,Heinicke,17.974285670689174,7,7000,WAS@DEN,WAS,DEN,,,,,,QB
65907-33259,QB,Teddy,Teddy Bridgewater,Bridgewater,16.562857491629465,7,7000,WAS@DEN,DEN,WAS,,,,,,QB
65907-64555,WR,Calvin,Calvin Ridley,Ridley,11.11999969482422,5,7000,CAR@ATL,ATL,CAR,,,,,,WR/FLEX
65907-22015,QB,Russell,Russell Wilson,Wilson,19.927999877929686,5,7000,JAC@SEA,SEA,JAC,IR,Finger,,,,QB
65907-26483,QB,Geno,Geno Smith,Smith,10.893333435058594,3,7000,JAC@SEA,SEA,JAC,,,,,,QB
65907-40843,RB,Alex,Alex Collins,Collins,7.916666666666667,6,7000,JAC@SEA,SEA,JAC,,,,,,RB/FLEX
65907-149696,QB,Trey,Trey Lance,Lance,11.614999771118164,4,6900,SF@CHI,SF,CHI,Q,Knee,,,,QB
65907-31001,WR,Amari,Amari Cooper,Cooper,12.716667175292969,6,6900,DAL@MIN,DAL,MIN,,,,,,WR/FLEX
65907-90584,QB,Mac,Mac Jones,Jones,15.094286237444196,7,6900,NE@LAC,NE,LAC,,,,,,QB
65907-29253,WR,Keenan,Keenan Allen,Allen,11.233333587646484,6,6900,NE@LAC,LAC,NE,,,,,,WR/FLEX
65907-64576,RB,Damien,Damien Harris,Harris,11.528570992606026,7,6900,NE@LAC,NE,LAC,,,,,,RB/FLEX
65907-54604,QB,Jimmy,Jimmy Garoppolo,Garoppolo,13.367999267578124,5,6900,SF@CHI,SF,CHI,,,,,,QB
65907-86080,TE,Kyle,Kyle Pitts,Pitts,11.433333079020182,6,6800,CAR@ATL,ATL,CAR,,,,,,TE/FLEX
65907-29685,WR,Robert,Robert Woods,Woods,11.657142639160156,7,6800,LAR@HOU,LAR,HOU,,,,,,WR/FLEX
65907-38435,QB,Jared,Jared Goff,Goff,14.93142809186663,7,6800,PHI@DET,DET,PHI,,,,,,QB
65907-57543,RB,D'Ernest,D'Ernest Johnson,Johnson,8.700000127156576,3,6700,PIT@CLE,CLE,PIT,,,,,,RB/FLEX
65907-11505,WR,Emmanuel,Emmanuel Sanders,Sanders,13,6,6700,MIA@BUF,BUF,MIA,,,,,,WR/FLEX
65907-89951,QB,Trevor,Trevor Lawrence,Lawrence,16.116666158040363,6,6700,JAC@SEA,JAC,SEA,,,,,,QB
65907-27050,WR,Tyler,Tyler Lockett,Lockett,10.885713849748884,7,6600,JAC@SEA,SEA,JAC,,,,,,WR/FLEX
65907-6589,QB,Ben,Ben Roethlisberger,Roethlisberger,13.199999491373697,6,6600,PIT@CLE,PIT,CLE,,,,,,QB
65907-87467,RB,Chuba,Chuba Hubbard,Hubbard,8.057143075125557,7,6600,CAR@ATL,CAR,ATL,,,,,,RB/FLEX
65907-69213,WR,Michael,Michael Pittman Jr.,Pittman Jr.,11.585714067731585,7,6600,TEN@IND,IND,TEN,,,,,,WR/FLEX
65907-41535,QB,Baker,Baker Mayfield,Mayfield,15.759999593098959,6,6500,PIT@CLE,CLE,PIT,Q,Shoulder - labrum,,,,QB
65907-72412,RB,Khalil,Khalil Herbert,Herbert,7.033333460489909,6,6500,SF@CHI,CHI,SF,,,,,,RB/FLEX
65907-27477,WR,Sterling,Sterling Shepard,Shepard,12.25,4,6500,NYG@KC,NYG,KC,Q,Hamstring,,,,WR/FLEX
65907-64401,RB,Saquon,Saquon Barkley,Barkley,11.5,5,6500,NYG@KC,NYG,KC,Q,Ankle,,,,RB/FLEX
65907-11460,TE,Rob,Rob Gronkowski,Gronkowski,16.8000005086263,3,6500,TB@NO,TB,NO,Q,Ribs,,,,TE/FLEX
65907-73111,WR,Chase,Chase Claypool,Claypool,11,5,6500,PIT@CLE,PIT,CLE,,,,,,WR/FLEX
65907-73273,RB,David,David Montgomery,Montgomery,14.199999809265137,4,6500,SF@CHI,CHI,SF,IR,Knee,,,,RB/FLEX
65907-7844,QB,Chad,Chad Henne,Henne,3.680000066757202,1,6500,NYG@KC,KC,NYG,,,,,,QB
65907-14190,WR,Julio,Julio Jones,Jones,7.719999694824219,5,6500,TEN@IND,TEN,IND,,,,,,WR/FLEX
65907-28573,WR,Michael,Michael Thomas,Thomas,8.855555216471354,9,6500,TB@NO,NO,TB,NA,Ankle,,,,WR/FLEX
65907-71845,RB,Miles,Miles Sanders,Sanders,7.614285605294364,7,6400,PHI@DET,PHI,DET,Q,Ankle,,,,RB/FLEX
65907-90573,WR,Jaylen,Jaylen Waddle,Waddle,10.942856924874443,7,6400,MIA@BUF,MIA,BUF,,,,,,WR/FLEX
65907-22994,QB,Case,Case Keenum,Keenum,4.299999872843425,3,6400,PIT@CLE,CLE,PIT,,,,,,QB
65907-60858,WR,Christian,Christian Kirk,Kirk,11.557143075125557,7,6400,GB@ARI,ARI,GB,,,,,,WR/FLEX
65907-91591,QB,Justin,Justin Fields,Fields,7.234285627092634,7,6400,SF@CHI,CHI,SF,,,,,,QB
65907-22103,WR,Marvin,Marvin Jones Jr.,Jones Jr.,11.050000508626303,6,6400,JAC@SEA,JAC,SEA,,,,,,WR/FLEX
65907-14377,QB,Tyrod,Tyrod Taylor,Taylor,20.06999969482422,2,6300,LAR@HOU,HOU,LAR,IR,Hamstring,,,,QB
65907-90406,QB,Zach,Zach Wilson,Wilson,9.986666361490885,6,6300,CIN@NYJ,NYJ,CIN,O,Knee - pcl,,,,QB
65907-56265,TE,Mike,Mike Gesicki,Gesicki,10.457142421177455,7,6300,MIA@BUF,MIA,BUF,,,,,,TE/FLEX
65907-89628,QB,Davis,Davis Mills,Mills,8.946666717529297,6,6300,LAR@HOU,HOU,LAR,,,,,,QB
65907-40534,QB,Mike,Mike White,White,10.079999923706055,1,6300,CIN@NYJ,NYJ,CIN,,,,,,QB
65907-89981,WR,Tee,Tee Higgins,Higgins,10.019999694824218,5,6300,CIN@NYJ,CIN,NYJ,,,,,,WR/FLEX
65907-71706,TE,T.J.,T.J. Hockenson,Hockenson,9.842857360839844,7,6200,PHI@DET,DET,PHI,,,,,,TE/FLEX
65907-90576,WR,DeVonta,DeVonta Smith,Smith,8.942856924874443,7,6200,PHI@DET,PHI,DET,,,,,,WR/FLEX
65907-39580,RB,Devontae,Devontae Booker,Booker,7.816666920979817,6,6200,NYG@KC,NYG,KC,,,,,,RB/FLEX
65907-90933,RB,Antonio,Antonio Gibson,Gibson,11.457142421177455,7,6200,WAS@DEN,WAS,DEN,,,,,,RB/FLEX
65907-41827,QB,P.J.,P.J. Walker,Walker,2.619999885559082,1,6200,CAR@ATL,CAR,ATL,,,,,,QB
65907-22031,WR,T.Y.,T.Y. Hilton,Hilton,10,1,6200,TEN@IND,IND,TEN,Q,Quadriceps,,,,WR/FLEX
65907-52897,RB,Darrel,Darrel Williams,Williams,8.39999989100865,7,6200,NYG@KC,KC,NYG,,,,,,RB/FLEX
65907-14225,QB,Andy,Andy Dalton,Dalton,5.200000127156575,3,6200,SF@CHI,CHI,SF,,,,,,QB
65907-45439,WR,Corey,Corey Davis,Davis,11.816666920979818,6,6100,CIN@NYJ,NYJ,CIN,,,,,,WR/FLEX
65907-70027,RB,Zack,Zack Moss,Moss,11.740000152587891,5,6100,MIA@BUF,BUF,MIA,,,,,,RB/FLEX
65907-31170,QB,Brandon,Brandon Allen,Allen,3.9800000190734863,1,6100,CIN@NYJ,CIN,NYJ,,,,,,QB
65907-53729,QB,Mason,Mason Rudolph,Rudolph,4.840000152587891,4,6100,PIT@CLE,PIT,CLE,,,,,,QB
65907-45565,QB,Taysom,Taysom Hill,Hill,6.07599983215332,5,6100,TB@NO,NO,TB,Q,Concussion,,,,QB
65907-64051,QB,Drew,Drew Lock,Lock,3.5199999809265137,1,6100,WAS@DEN,DEN,WAS,,,,,,QB
65907-6714,QB,Joe,Joe Flacco,Flacco,11.55199966430664,5,6100,CIN@NYJ,NYJ,CIN,Q,Personal,,,,QB
65907-8803,QB,Chase,Chase Daniel,Daniel,2.831999969482422,5,6100,NE@LAC,LAC,NE,,,,,,QB
65907-25410,QB,Mike,Mike Glennon,Glennon,10.039999961853027,1,6100,NYG@KC,NYG,KC,,,,,,QB
65907-56192,QB,John,John Wolford,Wolford,-1.100000023841858,1,6100,LAR@HOU,LAR,HOU,,,,,,QB
65907-29915,QB,Brett,Brett Hundley,Hundley,0,2,6100,TEN@IND,IND,TEN,,,,,,QB
65907-7659,QB,Ryan,Ryan Fitzpatrick,Fitzpatrick,0.7200000286102295,1,6100,WAS@DEN,WAS,DEN,IR,Hip,,,,QB
65907-22027,QB,Nick,Nick Foles,Foles,12.464444478352865,9,6100,SF@CHI,CHI,SF,,,,,,QB
65907-30231,QB,Jacoby,Jacoby Brissett,Brissett,9.836666742960611,6,6100,MIA@BUF,MIA,BUF,,,,,,QB
65907-69333,QB,Jacob,Jacob Eason,Eason,0,1,6100,JAC@SEA,SEA,JAC,,,,,,QB
65907-38628,QB,Mitchell,Mitchell Trubisky,Trubisky,3.020000139872233,3,6100,MIA@BUF,BUF,MIA,,,,,,QB
65907-40687,RB,James,James Conner,Conner,10.785714285714286,7,6100,GB@ARI,ARI,GB,,,,,,RB/FLEX
65907-55042,TE,Dalton,Dalton Schultz,Schultz,11.566666920979818,6,6100,DAL@MIN,DAL,MIN,,,,,,TE/FLEX
65907-22288,WR,Cole,Cole Beasley,Beasley,8.799999872843424,6,6100,MIA@BUF,BUF,MIA,,,,,,WR/FLEX
65907-71710,QB,Nate,Nate Stanley,Stanley,,,6000,DAL@MIN,MIN,DAL,IR,Undisclosed,,,,QB
65907-71798,QB,Anthony,Anthony Gordon,Gordon,0,1,6000,NYG@KC,KC,NYG,,,,,,QB
65907-39034,QB,Kurt,Kurt Benkert,Benkert,0,1,6000,GB@ARI,GB,ARI,,,,,,QB
65907-63611,QB,Kyle,Kyle Shurmur,Shurmur,,,6000,WAS@DEN,WAS,DEN,,,,,,QB
65907-69769,QB,Darius,Darius Bradwell,Bradwell,0,1,6000,NE@LAC,LAC,NE,,,,,,QB
65907-45229,RB,Kareem,Kareem Hunt,Hunt,15.699999491373697,6,6000,PIT@CLE,CLE,PIT,IR,Calf,,,,RB/FLEX
65907-57537,QB,DeShone,DeShone Kizer,Kizer,,,6000,TEN@IND,TEN,IND,,,,,,QB
65907-69833,QB,Shane,Shane Buechele,Buechele,,,6000,NYG@KC,KC,NYG,,,,,,QB
65907-45259,QB,Logan,Logan Woodside,Woodside,-0.10000000149011612,1,6000,TEN@IND,TEN,IND,,,,,,QB
65907-28900,RB,Melvin,Melvin Gordon III,Gordon III,10.542857578822545,7,6000,WAS@DEN,DEN,WAS,,,,,,RB/FLEX
65907-61751,QB,Josh,Josh Thomas,Thomas,,,6000,MIA@BUF,BUF,MIA,,,,,,QB
65907-31047,QB,AJ,AJ McCarron,McCarron,0.4000000059604645,2,6000,CAR@ATL,ATL,CAR,IR,Knee - acl,,,,QB
65907-61798,QB,Gardner,Gardner Minshew II,Minshew II,18.351111518012154,9,6000,PHI@DET,PHI,DET,,,,,,QB
65907-92560,QB,Sam,Sam Ehlinger,Ehlinger,,,6000,TEN@IND,IND,TEN,,,,,,QB
65907-90561,WR,Jerry,Jerry Jeudy,Jeudy,10.199999809265137,1,6000,WAS@DEN,DEN,WAS,IR,Ankle,,,,WR/FLEX
65907-57840,RB,Rashaad,Rashaad Penny,Penny,0.8500000238418579,2,6000,JAC@SEA,SEA,JAC,,,,,,RB/FLEX
65907-88602,QB,Jordan,Jordan Ta'amu,Ta'amu,,,6000,PHI@DET,DET,PHI,,,,,,QB
65907-61982,QB,Tommy,Tommy Stevens,Stevens,2.4000000953674316,1,6000,NYG@KC,NYG,KC,,,,,,QB
65907-94797,QB,Kellen,Kellen Mond,Mond,,,6000,DAL@MIN,MIN,DAL,,,,,,QB
65907-41562,QB,Nick,Nick Mullens,Mullens,11.66181807084517,11,6000,PIT@CLE,CLE,PIT,,,,,,QB
65907-64115,QB,Steven,Steven Montez,Montez,0,1,6000,PHI@DET,DET,PHI,,,,,,QB
65907-64119,RB,Chris,Chris Carson,Carson,11.274999618530273,4,6000,JAC@SEA,SEA,JAC,IR,Neck,,,,RB/FLEX
65907-31394,WR,Jarvis,Jarvis Landry,Landry,8.166666666666666,3,6000,PIT@CLE,CLE,PIT,Q,Knee,,,,WR/FLEX
65907-29445,QB,Sean,Sean Mannion,Mannion,,,6000,DAL@MIN,MIN,DAL,,,,,,QB
65907-29501,WR,Brandin,Brandin Cooks,Cooks,11.314285278320312,7,6000,LAR@HOU,HOU,LAR,,,,,,WR/FLEX
65907-39793,TE,George,George Kittle,Kittle,8.274999618530273,4,6000,SF@CHI,SF,CHI,IR,Calf,,,,TE/FLEX
65907-39795,QB,Davis,Davis Webb,Webb,,,6000,MIA@BUF,BUF,MIA,,,,,,QB
65907-62364,QB,Josh,Josh Rosen,Rosen,0,1,6000,CAR@ATL,ATL,CAR,,,,,,QB
65907-29605,QB,Matt,Matt Barkley,Barkley,2.569999933242798,4,6000,TEN@IND,TEN,IND,,,,,,QB
65907-33702,QB,Ryan,Ryan Griffin,Griffin,,,6000,TB@NO,TB,NO,,,,,,QB
65907-72776,RB,Alexander,Alexander Mattison,Mattison,8.383333206176758,6,6000,DAL@MIN,MIN,DAL,,,,,,RB/FLEX
65907-62566,QB,Travis,Travis Jonsen,Jonsen,,,6000,TB@NO,TB,NO,,,,,,QB
65907-52342,QB,Will,Will Grier,Grier,0,2,6000,DAL@MIN,DAL,MIN,,,,,,QB
65907-64637,QB,Brian,Brian Lewerke,Lewerke,0,1,6000,NYG@KC,NYG,KC,,,,,,QB
65907-83079,QB,Kyle,Kyle Lauletta,Lauletta,,,6000,JAC@SEA,JAC,SEA,,,,,,QB
65907-27801,QB,Nate,Nate Sudfeld,Sudfeld,-0.25999999046325684,2,6000,SF@CHI,SF,CHI,,,,,,QB
65907-130269,QB,Reid,Reid Sinnett,Sinnett,0,1,6000,PHI@DET,PHI,DET,,,,,,QB
65907-54507,QB,Alex,Alex McGough,McGough,,,6000,JAC@SEA,SEA,JAC,,,,,,QB
65907-11500,QB,Colt,Colt McCoy,McCoy,-0.20000000794728598,3,6000,GB@ARI,ARI,GB,,,,,,QB
65907-130334,QB,Jalen,Jalen Morton,Morton,,,6000,TEN@IND,IND,TEN,,,,,,QB
65907-27986,QB,C.J.,C.J. Beathard,Beathard,7.468571254185268,7,6000,JAC@SEA,JAC,SEA,,,,,,QB
65907-60787,QB,Bryce,Bryce Perkins,Perkins,0,2,6000,LAR@HOU,LAR,HOU,,,,,,QB
65907-52606,QB,David,David Blough,Blough,1.3799999952316284,2,6000,PHI@DET,DET,PHI,,,,,,QB
65907-103824,QB,Easton,Easton Stick,Stick,-0.03999999910593033,1,6000,NE@LAC,LAC,NE,,,,,,QB
65907-69017,QB,Jordan,Jordan Love,Love,0.20999999344348907,2,6000,GB@ARI,GB,ARI,,,,,,QB
65907-32158,QB,Garrett,Garrett Gilbert,Gilbert,7.760000228881836,2,6000,NE@LAC,NE,LAC,,,,,,QB
65907-73118,QB,Ian,Ian Book,Book,,,6000,TB@NO,NO,TB,,,,,,QB
65907-60840,QB,Jake,Jake Browning,Browning,,,6000,CIN@NYJ,CIN,NYJ,,,,,,QB
65907-40407,QB,Josh,Josh Dobbs,Dobbs,1.0399999618530273,2,6000,PIT@CLE,PIT,CLE,IR,Toe,,,,QB
65907-73183,QB,Dwayne,Dwayne Haskins Jr.,Haskins Jr.,9.395000457763672,8,6000,PIT@CLE,PIT,CLE,,,,,,QB
65907-91639,QB,Jake,Jake Fromm,Fromm,,,6000,MIA@BUF,BUF,MIA,,,,,,QB
65907-34308,QB,Blake,Blake Bortles,Bortles,0,1,6000,GB@ARI,GB,ARI,,,,,,QB
65907-60947,QB,Jarrett,Jarrett Stidham,Stidham,2.6566665967305503,6,6000,NE@LAC,NE,LAC,NA,Back,,,,QB
65907-40482,QB,Tim,Tim Boyle,Boyle,-0.11249999701976776,8,6000,PHI@DET,DET,PHI,IR,Thumb,,,,QB
65907-30253,QB,Jeff,Jeff Driskel,Driskel,8.020000457763672,4,6000,LAR@HOU,HOU,LAR,,,,,,QB
65907-54879,QB,Deshaun,Deshaun Watson,Watson,23.520000457763672,16,6000,LAR@HOU,HOU,LAR,,,,,,QB
65907-95893,QB,Devlin,Devlin Hodges,Hodges,0,1,6000,LAR@HOU,LAR,HOU,,,,,,QB
65907-44715,QB,Cooper,Cooper Rush,Rush,0,1,6000,DAL@MIN,DAL,MIN,,,,,,QB
65907-69302,QB,Feleipe,Feleipe Franks,Franks,0.30000001192092896,1,6000,CAR@ATL,ATL,CAR,,,,,,QB
65907-69304,QB,Kyle,Kyle Trask,Trask,,,6000,TB@NO,TB,NO,,,,,,QB
65907-7872,QB,Brian,Brian Hoyer,Hoyer,2.859999895095825,1,6000,NE@LAC,NE,LAC,,,,,,QB
65907-52929,QB,Jake,Jake Luton,Luton,6.851999664306641,5,6000,JAC@SEA,SEA,JAC,,,,,,QB
65907-61157,QB,Brett,Brett Rypien,Rypien,5.100000063578288,3,6000,WAS@DEN,DEN,WAS,,,,,,QB
65907-28434,QB,Trevor,Trevor Siemian,Siemian,,,6000,TB@NO,NO,TB,,,,,,QB
65907-104281,QB,Jake,Jake Dolegala,Dolegala,0,1,6000,GB@ARI,GB,ARI,,,,,,QB
65907-61276,QB,James,James Morgan,Morgan,0,1,6000,CAR@ATL,CAR,ATL,,,,,,QB
65907-53095,QB,Kyle,Kyle Allen,Allen,11.5,4,6000,WAS@DEN,WAS,DEN,,,,,,QB
65907-14185,QB,Cam,Cam Newton,Newton,17.998667399088543,15,6000,NE@LAC,NE,LAC,,,,,,QB
65907-55148,QB,Clayton,Clayton Thorson,Thorson,0,1,6000,NYG@KC,NYG,KC,Q,Concussion,,,,QB
65907-38767,QB,Chris,Chris Streveler,Streveler,2.174999952316284,4,6000,GB@ARI,ARI,GB,,,,,,QB
65907-14194,QB,Blaine,Blaine Gabbert,Gabbert,0.6133333444595337,3,6000,TB@NO,TB,NO,,,,,,QB
65907-38837,QB,Danny,Danny Etling,Etling,0,1,6000,JAC@SEA,SEA,JAC,,,,,,QB
65907-63469,QB,Ben,Ben DiNucci,DiNucci,2.3200000127156577,3,6000,DAL@MIN,DAL,MIN,,,,,,QB
65907-71672,QB,KJ,KJ Costello,Costello,,,6000,NE@LAC,LAC,NE,,,,,,QB
65907-90912,RB,Kenneth,Kenneth Gainwell,Gainwell,7.985714503696987,7,5900,PHI@DET,PHI,DET,,,,,,RB/FLEX
65907-64585,TE,Dawson,Dawson Knox,Knox,11.84999974568685,6,5900,MIA@BUF,BUF,MIA,O,Hand,,,,TE/FLEX
65907-83074,TE,Dallas,Dallas Goedert,Goedert,8.59999974568685,6,5900,PHI@DET,PHI,DET,,,,,,TE/FLEX
65907-93541,RB,Javonte,Javonte Williams,Williams,9.17142813546317,7,5900,WAS@DEN,DEN,WAS,,,,,,RB/FLEX
65907-71246,WR,Marquez,Marquez Callaway,Callaway,8.566666920979818,6,5900,TB@NO,NO,TB,,,,,,WR/FLEX
65907-71705,TE,Noah,Noah Fant,Fant,9.528570992606026,7,5800,WAS@DEN,DEN,WAS,,,,,,TE/FLEX
65907-92413,RB,Eli,Eli Mitchell,Mitchell,11.649999618530273,4,5800,SF@CHI,SF,CHI,,,,,,RB/FLEX
65907-43433,RB,Boston,Boston Scott,Scott,5.449999809265137,2,5800,PHI@DET,PHI,DET,,,,,,RB/FLEX
65907-54244,WR,Kenny,Kenny Golladay,Golladay,7.340000152587891,5,5800,NYG@KC,NYG,KC,Q,Knee,,,,WR/FLEX
65907-83081,RB,Chase,Chase Edmonds,Edmonds,9.771428789411273,7,5800,GB@ARI,ARI,GB,,,,,,RB/FLEX
65907-40669,WR,Tyler,Tyler Boyd,Boyd,7.842857360839844,7,5800,CIN@NYJ,CIN,NYJ,,,,,,WR/FLEX
65907-57091,WR,Tim,Tim Patrick,Patrick,9.642857142857142,7,5800,WAS@DEN,DEN,WAS,,,,,,WR/FLEX
65907-87859,WR,Laviska,Laviska Shenault Jr.,Shenault Jr.,7.599999745686849,6,5800,JAC@SEA,JAC,SEA,,,,,,WR/FLEX
65907-69777,WR,Darnell,Darnell Mooney,Mooney,7.857142857142857,7,5700,SF@CHI,CHI,SF,,,,,,WR/FLEX
65907-63634,WR,Jakobi,Jakobi Meyers,Meyers,9.042857033865792,7,5700,NE@LAC,NE,LAC,,,,,,WR/FLEX
65907-63819,WR,Darius,Darius Slayton,Slayton,7.75,4,5700,NYG@KC,NYG,KC,,,,,,WR/FLEX
65907-31207,TE,C.J.,C.J. Uzomah,Uzomah,9.157142639160156,7,5700,CIN@NYJ,CIN,NYJ,,,,,,TE/FLEX
65907-33260,WR,DeVante,DeVante Parker,Parker,9.675000190734863,4,5700,MIA@BUF,MIA,BUF,Q,Shoulder,,,,WR/FLEX
65907-31360,WR,Odell,Odell Beckham Jr.,Beckham Jr.,6.4,5,5700,PIT@CLE,CLE,PIT,Q,Shoulder,,,,WR/FLEX
65907-70422,WR,Kalif,Kalif Raymond,Raymond,8.485714503696986,7,5700,PHI@DET,DET,PHI,,,,,,WR/FLEX
65907-64581,WR,Van,Van Jefferson Jr.,Jefferson Jr.,8.414285932268415,7,5700,LAR@HOU,LAR,HOU,,,,,,WR/FLEX
65907-29780,TE,Zach,Zach Ertz,Ertz,7.771428789411273,7,5700,GB@ARI,ARI,GB,,,,,,TE/FLEX
65907-52451,RB,Samaje,Samaje Perine,Perine,6.266666412353516,6,5700,CIN@NYJ,CIN,NYJ,,,,,,RB/FLEX
65907-93539,RB,Michael,Michael Carter,Carter,8.633333206176758,6,5700,CIN@NYJ,NYJ,CIN,,,,,,RB/FLEX
65907-56809,WR,Allen,Allen Lazard,Lazard,6.316666920979817,6,5700,GB@ARI,GB,ARI,IR,Undisclosed,,,,WR/FLEX
65907-60930,RB,Myles,Myles Gaskin,Gaskin,10.12857164655413,7,5700,MIA@BUF,MIA,BUF,,,,,,RB/FLEX
65907-26251,WR,Robby,Robby Anderson,Anderson,5.9571429661342075,7,5700,CAR@ATL,CAR,ATL,,,,,,WR/FLEX
65907-85798,WR,Brandon,Brandon Aiyuk,Aiyuk,3.5333334604899087,6,5700,SF@CHI,SF,CHI,,,,,,WR/FLEX
65907-63625,RB,Nyheim,Nyheim Hines,Hines,5.228571210588727,7,5600,TEN@IND,IND,TEN,,,,,,RB/FLEX
65907-24755,WR,Jamison,Jamison Crowder,Crowder,9.133333206176758,3,5600,CIN@NYJ,NYJ,CIN,,,,,,WR/FLEX
65907-63759,RB,Tony,Tony Pollard,Pollard,10.266666412353516,6,5600,DAL@MIN,DAL,MIN,,,,,,RB/FLEX
65907-80289,WR,Kendrick,Kendrick Bourne,Bourne,9.400000435965401,7,5600,NE@LAC,NE,LAC,,,,,,WR/FLEX
65907-45631,RB,Jamaal,Jamaal Williams,Williams,8.728571210588727,7,5600,PHI@DET,DET,PHI,,,,,,RB/FLEX
65907-52916,WR,Russell,Russell Gage,Gage,6.666666666666667,3,5600,CAR@ATL,ATL,CAR,,,,,,WR/FLEX
65907-14187,WR,A.J.,A.J. Green,Green,10.085714067731585,7,5600,GB@ARI,ARI,GB,,,,,,WR/FLEX
65907-94087,RB,DeeJay,DeeJay Dallas,Dallas,1.9857142312186105,7,5600,JAC@SEA,SEA,JAC,,,,,,RB/FLEX
65907-28643,WR,Allen,Allen Robinson II,Robinson II,6.071428571428571,7,5600,SF@CHI,CHI,SF,,,,,,WR/FLEX
65907-86052,WR,Kadarius,Kadarius Toney,Toney,8.8,5,5500,NYG@KC,NYG,KC,Q,Ankle,,,,WR/FLEX
65907-63855,WR,K.J.,K.J. Osborn,Osborn,9.516666412353516,6,5500,DAL@MIN,MIN,DAL,,,,,,WR/FLEX
65907-22898,RB,Brandon,Brandon Bolden,Bolden,5.833333333333333,6,5500,NE@LAC,NE,LAC,,,,,,RB/FLEX
65907-94625,WR,Jalen,Jalen Reagor,Reagor,5.600000108991351,7,5500,PHI@DET,PHI,DET,,,,,,WR/FLEX
65907-86646,RB,Trey,Trey Sermon,Sermon,5.199999809265137,4,5500,SF@CHI,SF,CHI,,,,,,RB/FLEX
65907-27441,RB,Damien,Damien Williams,Williams,7.619999694824219,5,5500,SF@CHI,CHI,SF,,,,,,RB/FLEX
65907-70603,RB,Devin,Devin Singletary,Singletary,7.900000254313151,6,5500,MIA@BUF,BUF,MIA,,,,,,RB/FLEX
65907-29734,RB,Ty,Ty Montgomery,Montgomery,2.1500000953674316,4,5500,TB@NO,NO,TB,,,,,,RB/FLEX
65907-56698,WR,Dante,Dante Pettis,Pettis,10.170000076293945,2,5500,NYG@KC,NYG,KC,,,,,,WR/FLEX
65907-85741,RB,Clyde,Clyde Edwards-Helaire,Edwards-Helaire,9.7,5,5500,NYG@KC,KC,NYG,IR,Knee - mcl,,,,RB/FLEX
65907-71444,RB,Travis,Travis Homer,Homer,2.6857141767229353,7,5500,JAC@SEA,SEA,JAC,,,,,,RB/FLEX
65907-40845,TE,Hunter,Hunter Henry,Henry,8.914285932268415,7,5500,NE@LAC,NE,LAC,,,,,,TE/FLEX
65907-30635,RB,Mike,Mike Davis,Davis,8.200000127156576,6,5500,CAR@ATL,ATL,CAR,,,,,,RB/FLEX
65907-57342,WR,Tre'Quan,Tre'Quan Smith,Smith,1.600000023841858,1,5500,TB@NO,NO,TB,,,,,,WR/FLEX
65907-40977,TE,Ricky,Ricky Seals-Jones,Seals-Jones,7.959999847412109,5,5400,WAS@DEN,WAS,DEN,,,,,,TE/FLEX
65907-43334,RB,J.D.,J.D. McKissic,McKissic,8.799999782017299,7,5400,WAS@DEN,WAS,DEN,,,,,,RB/FLEX
65907-80353,TE,Robert,Robert Tonyan,Tonyan,5,7,5400,GB@ARI,GB,ARI,,,,,,TE/FLEX
65907-56262,WR,Parris,Parris Campbell,Campbell,5.44000015258789,5,5400,TEN@IND,IND,TEN,IR,Foot,,,,WR/FLEX
65907-29683,WR,Nelson,Nelson Agholor,Agholor,7.071428571428571,7,5400,NE@LAC,NE,LAC,,,,,,WR/FLEX
65907-93408,WR,Rondale,Rondale Moore,Moore,7.899999891008649,7,5400,GB@ARI,ARI,GB,,,,,,WR/FLEX
65907-73121,RB,Tony,Tony Jones Jr.,Jones Jr.,2.674999952316284,4,5400,TB@NO,NO,TB,IR,Ankle,,,,RB/FLEX
65907-104176,WR,Deonte,Deonte Harris,Harris,8.34000015258789,5,5400,TB@NO,NO,TB,Q,Hamstring,,,,WR/FLEX
65907-69581,WR,Cedrick,Cedrick Wilson,Wilson,6.2966664632161455,6,5400,DAL@MIN,DAL,MIN,,,,,,WR/FLEX
65907-79979,WR,Jamal,Jamal Agnew,Agnew,4.75,6,5300,JAC@SEA,JAC,SEA,,,,,,WR/FLEX
65907-53390,WR,Zach,Zach Pascal,Pascal,7.185714176722935,7,5300,TEN@IND,IND,TEN,,,,,,WR/FLEX
65907-57909,RB,Marlon,Marlon Mack,Mack,2.3799999237060545,5,5300,TEN@IND,IND,TEN,,,,,,RB/FLEX
65907-70282,RB,Demetric,Demetric Felton,Felton,3.414285659790039,7,5300,PIT@CLE,CLE,PIT,,,,,,RB/FLEX
65907-47870,TE,Tyler,Tyler Higbee,Higbee,7.185714176722935,7,5300,LAR@HOU,LAR,HOU,,,,,,TE/FLEX
65907-60451,TE,Tyler,Tyler Conklin,Conklin,6.833333333333333,6,5300,DAL@MIN,MIN,DAL,,,,,,TE/FLEX
65907-91426,WR,Donovan,Donovan Peoples-Jones,Peoples-Jones,7.8599998474121096,5,5300,PIT@CLE,CLE,PIT,Q,Groin,,,,WR/FLEX
65907-52613,WR,Curtis,Curtis Samuel,Samuel,2.3499999046325684,2,5300,WAS@DEN,WAS,DEN,Q,Groin,,,,WR/FLEX
65907-22037,RB,Lamar,Lamar Miller,Miller,0.5333333412806193,3,5300,TB@NO,NO,TB,,,,,,RB/FLEX
65907-63050,RB,Ty,Ty Johnson,Johnson,5.616666793823242,6,5300,CIN@NYJ,NYJ,CIN,Q,Head,,,,RB/FLEX
65907-69295,WR,Byron,Byron Pringle,Pringle,6.114285605294364,7,5300,NYG@KC,KC,NYG,,,,,,WR/FLEX
65907-71352,WR,Mecole,Mecole Hardman,Hardman,7.028571537562779,7,5300,NYG@KC,KC,NYG,,,,,,WR/FLEX
65907-52931,RB,Eli,Eli Penny,Penny,2,6,5300,NYG@KC,NYG,KC,,,,,,RB/FLEX
65907-14211,RB,Mark,Mark Ingram II,Ingram II,5.899999891008649,7,5300,LAR@HOU,HOU,LAR,,,,,,RB/FLEX
65907-14257,WR,Randall,Randall Cobb,Cobb,6.166666666666667,6,5300,GB@ARI,GB,ARI,,,,,,WR/FLEX
65907-73687,WR,Quez,Quez Watkins,Watkins,6.5428570338657925,7,5300,PHI@DET,PHI,DET,,,,,,WR/FLEX
65907-63591,RB,Ronald,Ronald Jones II,Jones II,3.557142802647182,7,5200,TB@NO,TB,NO,,,,,,RB/FLEX
65907-53640,RB,Sony,Sony Michel,Michel,4.1285713740757535,7,5200,LAR@HOU,LAR,HOU,,,,,,RB/FLEX
65907-88575,WR,Elijah,Elijah Moore,Moore,4.05999984741211,5,5200,CIN@NYJ,NYJ,CIN,,,,,,WR/FLEX
65907-41475,WR,John,John Ross III,Ross III,5.175000190734863,4,5200,NYG@KC,NYG,KC,,,,,,WR/FLEX
65907-6739,WR,DeSean,DeSean Jackson,Jackson,5.349999745686849,6,5200,LAR@HOU,LAR,HOU,,,,,,WR/FLEX
65907-25267,WR,Mack,Mack Hollins,Hollins,5.966666539510091,3,5200,MIA@BUF,MIA,BUF,,,,,,WR/FLEX
65907-41872,TE,Evan,Evan Engram,Engram,4.959999847412109,5,5200,NYG@KC,NYG,KC,Q,Undisclosed,,,,TE/FLEX
65907-38264,WR,Demarcus,Demarcus Robinson,Robinson,5.133333206176758,6,5200,NYG@KC,KC,NYG,,,,,,WR/FLEX
65907-7761,TE,Jared,Jared Cook,Cook,7.666666666666667,6,5200,NE@LAC,LAC,NE,,,,,,TE/FLEX
65907-53097,WR,Josh,Josh Reynolds,Reynolds,4.666666666666667,3,5200,TEN@IND,TEN,IND,,,,,,WR/FLEX
65907-24671,WR,Adam,Adam Humphries,Humphries,3.9285714285714284,7,5100,WAS@DEN,WAS,DEN,,,,,,WR/FLEX
65907-55748,WR,James,James Washington,Washington,3.160000038146973,5,5100,PIT@CLE,PIT,CLE,,,,,,WR/FLEX
65907-72370,RB,J.J.,J.J. Taylor,Taylor,3.8499999046325684,4,5100,NE@LAC,NE,LAC,,,,,,RB/FLEX
65907-70383,RB,Darrynton,Darrynton Evans,Evans,2.799999952316284,1,5100,TEN@IND,TEN,IND,,,,,,RB/FLEX
65907-86780,RB,Salvon,Salvon Ahmed,Ahmed,3.5499998728434243,6,5100,MIA@BUF,MIA,BUF,,,,,,RB/FLEX
65907-93107,RB,AJ,AJ Dillon,Dillon,5.871428353445871,7,5100,GB@ARI,GB,ARI,,,,,,RB/FLEX
65907-86997,WR,Amon-Ra,Amon-Ra St. Brown,St. Brown,5.733333587646484,6,5100,PHI@DET,DET,PHI,,,,,,WR/FLEX
65907-64496,WR,Olamide,Olamide Zaccheaus,Zaccheaus,4.1400001525878904,5,5100,CAR@ATL,ATL,CAR,,,,,,WR/FLEX
65907-62497,RB,David,David Johnson,Johnson,5.614285605294364,7,5100,LAR@HOU,HOU,LAR,,,,,,RB/FLEX
65907-91419,WR,Nico,Nico Collins,Collins,3.7750000953674316,4,5100,LAR@HOU,HOU,LAR,,,,,,WR/FLEX
65907-62967,WR,Preston,Preston Williams,Williams,3.2999998728434243,3,5100,MIA@BUF,MIA,BUF,,,,,,WR/FLEX
65907-91872,RB,Joshua,Joshua Kelley,Kelley,1.2000000476837158,2,5100,NE@LAC,LAC,NE,,,,,,RB/FLEX
65907-24533,TE,Mo,Mo Alie-Cox,Alie-Cox,6.885714394705636,7,5100,TEN@IND,IND,TEN,,,,,,TE/FLEX
65907-79998,WR,Keelan,Keelan Cole Sr.,Cole Sr.,5.150000095367432,4,5000,CIN@NYJ,NYJ,CIN,,,,,,WR/FLEX
65907-65724,RB,JaMycal,JaMycal Hasty,Hasty,6.433333079020183,3,5000,SF@CHI,SF,CHI,,,,,,RB/FLEX
65907-149710,WR,Mike,Mike Strachan,Strachan,1.7999999523162842,2,5000,TEN@IND,IND,TEN,,,,,,WR/FLEX
65907-12538,D,Los Angeles,Los Angeles Rams,Rams,6.857142857142857,7,5000,LAR@HOU,LAR,HOU,,,,,,DEF
65907-55552,RB,Jeff,Jeff Wilson Jr.,Wilson Jr.,11.316666920979818,12,5000,SF@CHI,SF,CHI,NA,Knee - meniscus,,,,RB/FLEX
65907-33047,WR,Chris,Chris Moore,Moore,11.399999618530273,2,5000,LAR@HOU,HOU,LAR,,,,,,WR/FLEX
65907-69956,WR,Michael,Michael Gallup,Gallup,5.599999904632568,1,5000,DAL@MIN,DAL,MIN,IR,Calf,,,,WR/FLEX
65907-47523,WR,Tajae,Tajae Sharpe,Sharpe,3,5,5000,CAR@ATL,ATL,CAR,,,,,,WR/FLEX
65907-23194,WR,Josh,Josh Gordon,Gordon,0.800000011920929,2,5000,NYG@KC,KC,NYG,,,,,,WR/FLEX
65907-55987,WR,JuJu,JuJu Smith-Schuster,Smith-Schuster,5.459999847412109,5,5000,PIT@CLE,PIT,CLE,IR,Shoulder,,,,WR/FLEX
65907-94936,RB,Larry,Larry Rountree III,Rountree III,1.2800000190734864,5,5000,NE@LAC,LAC,NE,,,,,,RB/FLEX
65907-45791,WR,Rashard,Rashard Higgins,Higgins,4.350000063578288,6,5000,PIT@CLE,CLE,PIT,,,,,,WR/FLEX
65907-70372,WR,Chester,Chester Rogers,Rogers,5.416666666666667,6,5000,TEN@IND,TEN,IND,Q,Groin,,,,WR/FLEX
65907-56356,WR,Isaiah,Isaiah Ford,Ford,2.7666667302449546,3,5000,MIA@BUF,MIA,BUF,,,,,,WR/FLEX
65907-42028,WR,Will,Will Fuller V,Fuller V,3.299999952316284,2,5000,MIA@BUF,MIA,BUF,IR,Finger,,,,WR/FLEX
65907-62535,WR,Tyrell,Tyrell Williams,Williams,2.4000000953674316,1,5000,PHI@DET,DET,PHI,IR,Concussion,,,,WR/FLEX
65907-27776,RB,Tevin,Tevin Coleman,Coleman,2.5,4,5000,CIN@NYJ,NYJ,CIN,Q,Hamstring,,,,RB/FLEX
65907-42142,RB,Jordan,Jordan Howard,Howard,3.7750000953674316,8,5000,PHI@DET,PHI,DET,,,,,,RB/FLEX
65907-83138,TE,Ross,Ross Dwelley,Dwelley,4.366666793823242,3,5000,SF@CHI,SF,CHI,,,,,,TE/FLEX
65907-64808,TE,Juwan,Juwan Johnson,Johnson,5.740000152587891,5,5000,TB@NO,NO,TB,,,,,,TE/FLEX
65907-56648,RB,Jeremy,Jeremy McNichols,McNichols,5.966666539510091,6,5000,TEN@IND,TEN,IND,,,,,,RB/FLEX
65907-32234,RB,Malcolm,Malcolm Brown,Brown,3.5,6,5000,MIA@BUF,MIA,BUF,IR,Quadriceps,,,,RB/FLEX
65907-40434,WR,Greg,Greg Ward,Ward,5.333333333333333,3,5000,PHI@DET,PHI,DET,,,,,,WR/FLEX
65907-22018,WR,Mohamed,Mohamed Sanu,Sanu,2.7999998728434243,6,5000,SF@CHI,SF,CHI,,,,,,WR/FLEX
65907-69303,WR,Freddie,Freddie Swain,Swain,5.685714176722935,7,5000,JAC@SEA,SEA,JAC,,,,,,WR/FLEX
65907-30403,WR,Chris,Chris Conley,Conley,3.4833332697550454,6,5000,LAR@HOU,HOU,LAR,,,,,,WR/FLEX
65907-40647,WR,Marquez,Marquez Valdes-Scantling,Valdes-Scantling,5.533333460489909,3,5000,GB@ARI,GB,ARI,IR,Hamstring,,,,WR/FLEX
65907-26355,TE,Logan,Logan Thomas,Thomas,9.233333587646484,3,5000,WAS@DEN,WAS,DEN,IR,Hamstring,,,,TE/FLEX
65907-28473,RB,Carlos,Carlos Hyde,Hyde,2.6399999618530274,5,5000,JAC@SEA,JAC,SEA,,,,,,RB/FLEX
65907-86244,TE,Pat,Pat Freiermuth,Freiermuth,5.133333206176758,6,4900,PIT@CLE,PIT,CLE,,,,,,TE/FLEX
65907-12528,D,Cincinnati,Cincinnati Bengals,Bengals,5.857142857142857,7,4900,CIN@NYJ,CIN,NYJ,,,,,,DEF
65907-90408,WR,Dax,Dax Milne,Milne,1.2333333492279053,3,4900,WAS@DEN,WAS,DEN,,,,,,WR/FLEX
65907-80546,TE,Dan,Dan Arnold,Arnold,4.483333269755046,6,4900,JAC@SEA,JAC,SEA,,,,,,TE/FLEX
65907-25290,RB,Giovani,Giovani Bernard,Bernard,5.633333206176758,6,4900,TB@NO,TB,NO,,,,,,RB/FLEX
65907-56059,WR,Trent,Trent Sherfield,Sherfield,3.0250000953674316,4,4900,SF@CHI,SF,CHI,,,,,,WR/FLEX
65907-72453,WR,Denzel,Denzel Mims,Mims,3.2999998728434243,3,4900,CIN@NYJ,NYJ,CIN,,,,,,WR/FLEX
65907-64389,WR,Nick,Nick Westbrook-Ikhine,Westbrook-Ikhine,4.5,5,4900,TEN@IND,TEN,IND,,,,,,WR/FLEX
65907-62505,TE,MyCole,MyCole Pruitt,Pruitt,4.75,6,4900,TEN@IND,TEN,IND,,,,,,TE/FLEX
65907-68712,WR,Tyler,Tyler Johnson,Johnson,2.8500000635782876,6,4900,TB@NO,TB,NO,,,,,,WR/FLEX
65907-52371,RB,Kalen,Kalen Ballage,Ballage,0.75,2,4900,PIT@CLE,PIT,CLE,,,,,,RB/FLEX
65907-54608,RB,Jerick,Jerick McKinnon,McKinnon,1.8200000762939452,5,4900,NYG@KC,KC,NYG,,,,,,RB/FLEX
65907-104012,WR,Ashton,Ashton Dulin,Dulin,1.25,6,4900,TEN@IND,IND,TEN,,,,,,WR/FLEX
65907-85672,WR,Terrace,Terrace Marshall Jr.,Marshall Jr.,3.1000000635782876,6,4900,CAR@ATL,CAR,ATL,Q,Concussion,,,,WR/FLEX
65907-26458,WR,Tavon,Tavon Austin,Austin,3.066666603088379,3,4900,JAC@SEA,JAC,SEA,,,,,,WR/FLEX
65907-55165,RB,Justin,Justin Jackson,Jackson,1.8200000762939452,5,4900,NE@LAC,LAC,NE,,,,,,RB/FLEX
65907-8117,WR,Danny,Danny Amendola,Amendola,5.5,3,4900,LAR@HOU,HOU,LAR,,,,,,WR/FLEX
65907-63447,WR,Penny,Penny Hart,Hart,1.4500000476837158,4,4900,JAC@SEA,SEA,JAC,,,,,,WR/FLEX
65907-69836,WR,Collin,Collin Johnson,Johnson,2.9749999046325684,4,4800,NYG@KC,NYG,KC,,,,,,WR/FLEX
65907-12547,D,Pittsburgh,Pittsburgh Steelers,Steelers,6,6,4800,PIT@CLE,PIT,CLE,,,,,,DEF
65907-63806,RB,Kerryon,Kerryon Johnson,Johnson,4.449999945504325,14,4800,SF@CHI,SF,CHI,,,,,,RB/FLEX
65907-39286,TE,O.J.,O.J. Howard,Howard,3.7333332697550454,6,4800,TB@NO,TB,NO,,,,,,TE/FLEX
65907-80294,TE,Anthony,Anthony Firkser,Firkser,3,5,4800,TEN@IND,TEN,IND,,,,,,TE/FLEX
65907-62055,WR,Ray-Ray,Ray-Ray McCloud III,McCloud III,1.4833332697550456,6,4800,PIT@CLE,PIT,CLE,,,,,,WR/FLEX
65907-88699,RB,Jaret,Jaret Patterson,Patterson,1.1749999523162842,4,4800,WAS@DEN,WAS,DEN,,,,,,RB/FLEX
65907-55970,RB,Royce,Royce Freeman,Freeman,1.6399999618530274,5,4800,CAR@ATL,CAR,ATL,,,,,,RB/FLEX
65907-45997,WR,Keith,Keith Kirkwood,Kirkwood,3.0999999046325684,1,4800,CAR@ATL,CAR,ATL,,,,,,WR/FLEX
65907-111540,RB,Rhamondre,Rhamondre Stevenson,Stevenson,5.200000127156575,3,4800,NE@LAC,NE,LAC,,,,,,RB/FLEX
65907-48116,TE,Jonnu,Jonnu Smith,Smith,4.885714394705636,7,4800,NE@LAC,NE,LAC,Q,Shoulder,,,,TE/FLEX
65907-62628,WR,DeAndre,DeAndre Carter,Carter,3.142857142857143,7,4800,WAS@DEN,WAS,DEN,,,,,,WR/FLEX
65907-40126,TE,Austin,Austin Hooper,Hooper,4.185714176722935,7,4800,PIT@CLE,CLE,PIT,,,,,,TE/FLEX
65907-70889,RB,Benny,Benny Snell Jr.,Snell Jr.,0.6999999682108561,3,4800,PIT@CLE,PIT,CLE,,,,,,RB/FLEX
65907-56580,WR,Christian,Christian Blake,Blake,1.75,2,4800,CAR@ATL,ATL,CAR,,,,,,WR/FLEX
65907-85306,WR,KhaDarel,KhaDarel Hodge,Hodge,2.0200000762939454,5,4800,PHI@DET,DET,PHI,,,,,,WR/FLEX
65907-64843,WR,Jalen,Jalen Guyton,Guyton,3.2999998728434243,6,4800,NE@LAC,LAC,NE,,,,,,WR/FLEX
65907-71031,WR,Lil'Jordan,Lil'Jordan Humphrey,Humphrey,3.200000047683716,1,4800,TB@NO,NO,TB,,,,,,WR/FLEX
65907-32235,WR,Marcus,Marcus Johnson,Johnson,2.3999999364217124,3,4800,TEN@IND,TEN,IND,,,,,,WR/FLEX
65907-32243,WR,Marquise,Marquise Goodwin,Goodwin,1.9285714285714286,7,4800,SF@CHI,CHI,SF,,,,,,WR/FLEX
65907-69168,WR,N'Keal,N'Keal Harry,Harry,2.066666603088379,3,4800,NE@LAC,NE,LAC,,,,,,WR/FLEX
65907-61060,RB,Devine,Devine Ozigbo,Ozigbo,0.8999999761581421,1,4800,TB@NO,NO,TB,,,,,,RB/FLEX
65907-71367,RB,La'Mical,La'Mical Perine,Perine,4.7,10,4800,CIN@NYJ,NYJ,CIN,,,,,,RB/FLEX
65907-57299,TE,Gerald,Gerald Everett,Everett,5.3,5,4800,JAC@SEA,SEA,JAC,,,,,,TE/FLEX
65907-55323,RB,Jaylen,Jaylen Samuels,Samuels,1.322222179836697,9,4700,PIT@CLE,PIT,CLE,,,,,,RB/FLEX
65907-55335,TE,David,David Njoku,Njoku,7.150000254313151,6,4700,PIT@CLE,CLE,PIT,,,,,,TE/FLEX
65907-88109,RB,Gary,Gary Brightwell,Brightwell,0.75,2,4700,NYG@KC,NYG,KC,,,,,,RB/FLEX
65907-61593,WR,Jauan,Jauan Jennings,Jennings,3.5333334604899087,3,4700,SF@CHI,SF,CHI,,,,,,WR/FLEX
65907-28827,RB,Dare,Dare Ogunbowale,Ogunbowale,1.350000023841858,2,4700,JAC@SEA,JAC,SEA,,,,,,RB/FLEX
65907-61610,RB,Jacques,Jacques Patrick,Patrick,1.2000000476837158,1,4700,SF@CHI,SF,CHI,,,,,,RB/FLEX
65907-28907,WR,Alex,Alex Erickson,Erickson,0.8666666348775228,6,4700,CAR@ATL,CAR,ATL,,,,,,WR/FLEX
65907-12526,D,Buffalo,Buffalo Bills,Bills,12.166666666666666,6,4700,MIA@BUF,BUF,MIA,,,,,,DEF
65907-94534,WR,Gabriel,Gabriel Davis,Davis,3.8799999237060545,5,4700,MIA@BUF,BUF,MIA,,,,,,WR/FLEX
65907-41426,RB,Phillip,Phillip Lindsay,Lindsay,3.8428570883614674,7,4700,LAR@HOU,HOU,LAR,,,,,,RB/FLEX
65907-70133,RB,Jake,Jake Funk,Funk,0.20000000794728598,3,4700,LAR@HOU,LAR,HOU,IR,Hamstring,,,,RB/FLEX
65907-64031,TE,Hayden,Hayden Hurst,Hurst,4.299999872843425,6,4700,CAR@ATL,ATL,CAR,,,,,,TE/FLEX
65907-25272,TE,Eric,Eric Ebron,Ebron,2.383333365122477,6,4700,PIT@CLE,PIT,CLE,,,,,,TE/FLEX
65907-64242,WR,Keke,Keke Coutee,Coutee,1,1,4700,TEN@IND,IND,TEN,,,,,,WR/FLEX
65907-64339,WR,Auden,Auden Tate,Tate,2.8499999046325684,4,4700,CIN@NYJ,CIN,NYJ,,,,,,WR/FLEX
65907-27527,TE,Blake,Blake Jarwin,Jarwin,5.2,5,4700,DAL@MIN,DAL,MIN,,,,,,TE/FLEX
65907-39818,RB,Wayne,Wayne Gallman Jr.,Gallman Jr.,1.099999984105428,3,4700,CAR@ATL,ATL,CAR,,,,,,RB/FLEX
65907-41867,RB,Jordan,Jordan Wilkins,Wilkins,0,1,4700,TEN@IND,IND,TEN,Q,Illness,,,,RB/FLEX
65907-91047,TE,Cole,Cole Kmet,Kmet,3.828571319580078,7,4700,SF@CHI,CHI,SF,,,,,,TE/FLEX
65907-42046,TE,Durham,Durham Smythe,Smythe,3.316666603088379,6,4700,MIA@BUF,MIA,BUF,,,,,,TE/FLEX
65907-48344,WR,Albert,Albert Wilson,Wilson,2,4,4700,MIA@BUF,MIA,BUF,,,,,,WR/FLEX
65907-52495,WR,Braxton,Braxton Berrios,Berrios,4.183333396911621,6,4700,CIN@NYJ,NYJ,CIN,,,,,,WR/FLEX
65907-52560,WR,Geronimo,Geronimo Allison,Allison,0,1,4700,PHI@DET,DET,PHI,,,,,,WR/FLEX
65907-93538,WR,Dyami,Dyami Brown,Brown,2.339999961853027,5,4700,WAS@DEN,WAS,DEN,Q,Knee,,,,WR/FLEX
65907-87418,WR,Joshua,Joshua Palmer,Palmer,2.200000047683716,4,4700,NE@LAC,LAC,NE,,,,,,WR/FLEX
65907-56708,TE,Will,Will Dissly,Dissly,4.55999984741211,5,4700,JAC@SEA,SEA,JAC,,,,,,TE/FLEX
65907-60910,WR,Dede,Dede Westbrook,Westbrook,1.566666603088379,6,4700,DAL@MIN,MIN,DAL,,,,,,WR/FLEX
65907-87662,WR,Anthony,Anthony Schwartz,Schwartz,2.1285713740757535,7,4700,PIT@CLE,CLE,PIT,,,,,,WR/FLEX
65907-57064,RB,Ryan,Ryan Nall,Nall,0.8999999761581421,1,4700,SF@CHI,CHI,SF,,,,,,RB/FLEX
65907-104278,TE,Donald,Donald Parham Jr.,Parham Jr.,5,5,4700,NE@LAC,LAC,NE,,,,,,TE/FLEX
65907-61273,WR,Scotty,Scotty Miller,Miller,1.0499999523162842,2,4700,TB@NO,TB,NO,IR,Toe,,,,WR/FLEX
65907-30678,WR,Damiere,Damiere Byrd,Byrd,1.6333333651224773,3,4700,SF@CHI,CHI,SF,,,,,,WR/FLEX
65907-53303,RB,Matt,Matt Breida,Breida,0.4000000059604645,1,4600,MIA@BUF,BUF,MIA,,,,,,RB/FLEX
65907-79974,RB,Tarik,Tarik Cohen,Cohen,2.9,5,4600,SF@CHI,CHI,SF,NA,Knee - acl,,,,RB/FLEX
65907-12549,D,San Francisco,San Francisco 49ers,49ers,4.833333333333333,6,4600,SF@CHI,SF,CHI,,,,,,DEF
65907-53639,WR,Isaiah,Isaiah McKenzie,McKenzie,0.40000001589457196,6,4600,MIA@BUF,BUF,MIA,,,,,,WR/FLEX
65907-55694,WR,Mike,Mike Thomas,Thomas,1.3000000317891438,3,4600,CIN@NYJ,CIN,NYJ,,,,,,WR/FLEX
65907-80281,WR,C.J.,C.J. Board,Board,1.2833333015441895,6,4600,NYG@KC,NYG,KC,IR,Arm,,,,WR/FLEX
65907-72182,WR,Dee,Dee Eskridge,Eskridge,3.299999952316284,1,4600,JAC@SEA,SEA,JAC,IR,Concussion,,,,WR/FLEX
65907-27229,RB,Ameer,Ameer Abdullah,Abdullah,0.8857142584664481,7,4600,CAR@ATL,CAR,ATL,,,,,,RB/FLEX
65907-53913,WR,Cody,Cody Hollister,Hollister,1.7000000476837158,1,4600,TEN@IND,TEN,IND,Q,Ankle,,,,WR/FLEX
65907-82731,WR,Brandon,Brandon Zylstra,Zylstra,7.966666539510091,3,4600,CAR@ATL,CAR,ATL,IR,Hamstring,,,,WR/FLEX
65907-45964,WR,Marcus,Marcus Kemp,Kemp,0.6499999761581421,2,4600,NYG@KC,KC,NYG,,,,,,WR/FLEX
65907-56248,WR,Noah,Noah Brown,Brown,4.066666603088379,3,4600,DAL@MIN,DAL,MIN,,,,,,WR/FLEX
65907-41936,WR,Anthony,Anthony Miller,Miller,5.400000095367432,2,4600,PIT@CLE,PIT,CLE,,,,,,WR/FLEX
65907-91101,TE,Tommy,Tommy Tremble,Tremble,3.7666667302449546,6,4600,CAR@ATL,CAR,ATL,,,,,,TE/FLEX
65907-68685,WR,Austin,Austin Mack,Mack,2.5200000762939454,5,4600,NYG@KC,NYG,KC,,,,,,WR/FLEX
65907-91225,RB,Kylin,Kylin Hill,Hill,0.48571429933820454,7,4600,GB@ARI,GB,ARI,,,,,,RB/FLEX
65907-83091,RB,Trenton,Trenton Cannon,Cannon,-0.3200000047683716,5,4600,SF@CHI,SF,CHI,,,,,,RB/FLEX
65907-54472,WR,Cam,Cam Sims,Sims,2.450000047683716,2,4600,WAS@DEN,WAS,DEN,Q,Hamstring,,,,WR/FLEX
65907-25813,WR,Phillip,Phillip Dorsett II,Dorsett II,0.4000000059604645,2,4600,JAC@SEA,SEA,JAC,,,,,,WR/FLEX
65907-70892,RB,A.J.,A.J. Rose Jr.,Rose Jr.,,,4600,DAL@MIN,MIN,DAL,,,,,,RB/FLEX
65907-11504,WR,Andre,Andre Roberts,Roberts,0.3333333333333333,6,4600,NE@LAC,LAC,NE,,,,,,WR/FLEX
65907-60705,WR,Tyron,Tyron Johnson,Johnson,0.36666667461395264,3,4600,JAC@SEA,JAC,SEA,,,,,,WR/FLEX
65907-64841,WR,Equanimeous,Equanimeous St. Brown,St. Brown,0.5999999841054281,3,4600,GB@ARI,GB,ARI,,,,,,WR/FLEX
65907-52591,RB,Rodney,Rodney Smith,Smith,7.300000190734863,1,4600,CAR@ATL,CAR,ATL,,,,,,RB/FLEX
65907-73130,RB,Chris,Chris Evans,Evans,5.550000190734863,4,4600,CIN@NYJ,CIN,NYJ,Q,Hamstring,,,,RB/FLEX
65907-64949,WR,Ja'Marcus,Ja'Marcus Bradley,Bradley,4.25,2,4600,PIT@CLE,CLE,PIT,,,,,,WR/FLEX
65907-28157,WR,Bennie,Bennie Fowler III,Fowler III,2.0999999046325684,1,4600,SF@CHI,SF,CHI,,,,,,WR/FLEX
65907-103943,WR,Trinity,Trinity Benson,Benson,1.7,5,4600,PHI@DET,DET,PHI,,,,,,WR/FLEX
65907-91677,WR,Shi,Shi Smith,Smith,1.350000023841858,2,4600,CAR@ATL,CAR,ATL,,,,,,WR/FLEX
65907-61042,WR,Kendall,Kendall Hinton,Hinton,4.4,5,4600,WAS@DEN,DEN,WAS,,,,,,WR/FLEX
65907-40758,RB,Corey,Corey Clement,Clement,0,1,4600,DAL@MIN,DAL,MIN,,,,,,RB/FLEX
65907-38721,RB,Johnny,Johnny Stanton IV,Stanton IV,4.099999904632568,2,4600,PIT@CLE,CLE,PIT,,,,,,RB/FLEX
65907-92093,WR,Jaelon,Jaelon Darden,Darden,0.800000011920929,2,4600,TB@NO,TB,NO,,,,,,WR/FLEX
65907-104388,WR,Tom,Tom Kennedy,Kennedy,2,1,4600,PHI@DET,DET,PHI,,,,,,WR/FLEX
65907-57338,TE,Jordan,Jordan Akins,Akins,2.528571537562779,7,4600,LAR@HOU,HOU,LAR,,,,,,TE/FLEX
65907-92168,WR,Damion,Damion Willis,Willis,0,1,4500,WAS@DEN,WAS,DEN,,,,,,WR/FLEX
65907-69646,RB,Dedrick,Dedrick Mills,Mills,,,4500,PHI@DET,DET,PHI,,,,,,RB/FLEX
65907-69655,WR,Stephen,Stephen Sullivan,Sullivan,0,1,4500,CAR@ATL,CAR,ATL,,,,,,WR/FLEX
65907-71723,WR,Dez,Dez Fitzpatrick,Fitzpatrick,,,4500,TEN@IND,TEN,IND,,,,,,WR/FLEX
65907-94262,WR,Antonio,Antonio Gandy-Golden,Gandy-Golden,0.75,4,4500,WAS@DEN,WAS,DEN,,,,,,WR/FLEX
65907-63550,WR,Isaiah,Isaiah Zuber,Zuber,1.5,4,4500,SF@CHI,SF,CHI,,,,,,WR/FLEX
65907-86078,WR,Trevon,Trevon Grimes,Grimes,,,4500,PHI@DET,PHI,DET,Q,Undisclosed,,,,WR/FLEX
65907-63554,WR,Dalton,Dalton Schoen,Schoen,0,1,4500,WAS@DEN,WAS,DEN,,,,,,WR/FLEX
65907-55366,RB,Qadree,Qadree Ollison,Ollison,0.30000001192092896,1,4500,CAR@ATL,ATL,CAR,,,,,,RB/FLEX
65907-28744,RB,Raheem,Raheem Mostert,Mostert,2,1,4500,SF@CHI,SF,CHI,IR,Knee - meniscus,,,,RB/FLEX
65907-71756,WR,Aaron,Aaron Fuller,Fuller,0,1,4500,JAC@SEA,SEA,JAC,,,,,,WR/FLEX
65907-57432,WR,Cameron,Cameron Batson,Batson,2.5,4,4500,TEN@IND,TEN,IND,IR,Knee - acl,,,,WR/FLEX
65907-63576,WR,Kirk,Kirk Merritt,Merritt,0,1,4500,MIA@BUF,MIA,BUF,,,,,,WR/FLEX
65907-79967,TE,Adam,Adam Shaheen,Shaheen,2.2666667302449546,3,4500,MIA@BUF,MIA,BUF,,,,,,TE/FLEX
65907-86113,WR,Ihmir,Ihmir Smith-Marsette,Smith-Marsette,0,3,4500,DAL@MIN,MIN,DAL,,,,,,WR/FLEX
65907-63586,WR,De'Quan,De'Quan Hampton,Hampton,,,4500,JAC@SEA,SEA,JAC,,,,,,WR/FLEX
65907-79972,WR,Chad,Chad Williams,Williams,,,4500,NYG@KC,KC,NYG,Q,Undisclosed,,,,WR/FLEX
65907-86125,WR,Brandon,Brandon Smith,Smith,,,4500,DAL@MIN,DAL,MIN,,,,,,WR/FLEX
65907-79982,RB,Alex,Alex Armah,Armah,0.22499999403953552,4,4500,TB@NO,NO,TB,,,,,,RB/FLEX
65907-79987,WR,David,David Moore,Moore,0,1,4500,WAS@DEN,DEN,WAS,,,,,,WR/FLEX
65907-61555,WR,David,David Sills,Sills,0,1,4500,NYG@KC,NYG,KC,,,,,,WR/FLEX
65907-63603,WR,Jared,Jared Pinkney,Pinkney,0,1,4500,LAR@HOU,LAR,HOU,,,,,,WR/FLEX
65907-30837,WR,Jordan,Jordan Matthews,Matthews,,,4500,SF@CHI,SF,CHI,,,,,,WR/FLEX
65907-55414,WR,Cody,Cody Thompson,Thompson,0,1,4500,JAC@SEA,SEA,JAC,,,,,,WR/FLEX
65907-55417,WR,Jon'Vea,Jon'Vea Johnson,Johnson,0,1,4500,SF@CHI,CHI,SF,,,,,,WR/FLEX
65907-88186,WR,JoJo,JoJo Ward,Ward,0,2,4500,PIT@CLE,CLE,PIT,,,,,,WR/FLEX
65907-104577,WR,Gunner,Gunner Olszewski,Olszewski,0.45000000794728595,6,4500,NE@LAC,NE,LAC,,,,,,WR/FLEX
65907-84101,WR,Vyncint,Vyncint Smith,Smith,0.44999998807907104,4,4500,CIN@NYJ,NYJ,CIN,,,,,,WR/FLEX
65907-71821,WR,Joe,Joe Reed,Reed,0.9888888465033637,9,4500,NE@LAC,LAC,NE,O,Undisclosed,,,,WR/FLEX
65907-47249,WR,Darvin,Darvin Kidsy,Kidsy,0,1,4500,JAC@SEA,SEA,JAC,,,,,,WR/FLEX
65907-88213,RB,Brenden,Brenden Knox,Knox,,,4500,DAL@MIN,DAL,MIN,,,,,,RB/FLEX
65907-86173,RB,Mekhi,Mekhi Sargent,Sargent,0.20000000298023224,2,4500,TEN@IND,TEN,IND,,,,,,RB/FLEX
65907-63646,WR,Lawrence,Lawrence Cager,Cager,1.5,3,4500,PIT@CLE,CLE,PIT,,,,,,WR/FLEX
65907-139438,RB,Pete,Pete Guerriero,Guerriero,0,2,4500,PIT@CLE,PIT,CLE,,,,,,RB/FLEX
65907-86192,WR,KJ,KJ Hamler,Hamler,3.2999998728434243,3,4500,WAS@DEN,DEN,WAS,IR,Knee - acl,,,,WR/FLEX
65907-61631,WR,Olabisi,Olabisi Johnson,Johnson,3.487499952316284,8,4500,DAL@MIN,MIN,DAL,IR,Knee - acl,,,,WR/FLEX
65907-41155,WR,Taquan,Taquan Mizzell,Mizzell,,,4500,NYG@KC,NYG,KC,Q,Undisclosed,,,,WR/FLEX
65907-88277,RB,Anthony,Anthony McFarland Jr.,McFarland Jr.,1.790909160267223,11,4500,PIT@CLE,PIT,CLE,,,,,,RB/FLEX
65907-149717,RB,JaQuan,JaQuan Hardy,Hardy,,,4500,DAL@MIN,DAL,MIN,,,,,,RB/FLEX
65907-28890,RB,Derek,Derek Watt,Watt,0.800000011920929,1,4500,PIT@CLE,PIT,CLE,,,,,,RB/FLEX
65907-55514,RB,Buddy,Buddy Howell,Howell,2.3999999364217124,3,4500,LAR@HOU,LAR,HOU,,,,,,RB/FLEX
65907-57565,RB,Austin,Austin Walter,Walter,0.875,4,4500,CIN@NYJ,NYJ,CIN,,,,,,RB/FLEX
65907-69860,RB,Trayveon,Trayveon Williams,Williams,1.2999999523162842,1,4500,CIN@NYJ,CIN,NYJ,,,,,,RB/FLEX
65907-71917,WR,Rico,Rico Bussey,Bussey,,,4500,PIT@CLE,PIT,CLE,O,Undisclosed,,,,WR/FLEX
65907-71920,RB,Corey,Corey Taylor,Taylor,,,4500,PIT@CLE,CLE,PIT,,,,,,RB/FLEX
65907-12530,D,Dallas,Dallas Cowboys,Cowboys,9.833333333333334,6,4500,DAL@MIN,DAL,MIN,,,,,,DEF
65907-94453,RB,Darwin,Darwin Thompson,Thompson,5.94000015258789,5,4500,TB@NO,TB,NO,,,,,,RB/FLEX
65907-53498,WR,Richie,Richie James,James,5.290000152587891,10,4500,SF@CHI,SF,CHI,IR,Knee,,,,WR/FLEX
65907-45307,WR,Rodney,Rodney Adams,Adams,0,2,4500,SF@CHI,CHI,SF,,,,,,WR/FLEX
65907-88317,RB,Javon,Javon Leake,Leake,0,1,4500,PHI@DET,DET,PHI,,,,,,RB/FLEX
65907-69884,RB,Darius,Darius Anderson,Anderson,0,1,4500,TEN@IND,IND,TEN,,,,,,RB/FLEX
65907-28930,RB,James,James White,White,8.40000025431315,3,4500,NE@LAC,NE,LAC,IR,Hip,,,,RB/FLEX
65907-41221,WR,Andre,Andre Patton,Patton,0,2,4500,PHI@DET,PHI,DET,,,,,,WR/FLEX
65907-69894,RB,Sewo,Sewo Olonilua,Olonilua,0,1,4500,DAL@MIN,DAL,MIN,IR,Neck,,,,RB/FLEX
65907-71955,RB,Mason,Mason Stokke,Stokke,,,4500,CAR@ATL,CAR,ATL,,,,,,RB/FLEX
65907-71957,WR,Quintez,Quintez Cephus,Cephus,8.38000030517578,5,4500,PHI@DET,DET,PHI,IR,Collarbone,,,,WR/FLEX
65907-86295,RB,Michael,Michael Warren,Warren,0,2,4500,PHI@DET,DET,PHI,Q,Undisclosed,,,,RB/FLEX
65907-71974,WR,Malcolm,Malcolm Perry,Perry,2.2444445292154946,9,4500,NE@LAC,NE,LAC,IR,Foot,,,,WR/FLEX
65907-57651,WR,Travis,Travis Fulgham,Fulgham,8.075000127156576,12,4500,MIA@BUF,MIA,BUF,,,,,,WR/FLEX
65907-24891,RB,Chris,Chris Thompson,Thompson,4.657142639160156,7,4500,SF@CHI,CHI,SF,,,,,,RB/FLEX
65907-45371,WR,Darius,Darius Phillips,Phillips,0,7,4500,CIN@NYJ,CIN,NYJ,,,,,,WR/FLEX
65907-24929,WR,Kelvin,Kelvin Benjamin,Benjamin,,,4500,NYG@KC,NYG,KC,,,,,,WR/FLEX
65907-94567,RB,Otis,Otis Anderson,Anderson,,,4500,LAR@HOU,LAR,HOU,,,,,,RB/FLEX
65907-41319,WR,Jeff,Jeff Badet,Badet,0,2,4500,CAR@ATL,ATL,CAR,Q,Lower leg,,,,WR/FLEX
65907-33137,WR,Justin,Justin Hardy,Hardy,,,4500,SF@CHI,CHI,SF,,,,,,WR/FLEX
65907-70019,RB,Tavien,Tavien Feaster,Feaster,0,1,4500,GB@ARI,ARI,GB,,,,,,RB/FLEX
65907-70023,WR,Cornell,Cornell Powell,Powell,,,4500,NYG@KC,KC,NYG,,,,,,WR/FLEX
65907-55689,RB,Ito,Ito Smith,Smith,3.2533332824707033,15,4500,DAL@MIN,MIN,DAL,,,,,,RB/FLEX
65907-92552,WR,Brennan,Brennan Eagles,Eagles,,,4500,DAL@MIN,DAL,MIN,,,,,,WR/FLEX
65907-47501,WR,Marken,Marken Michel,Michel,0,2,4500,WAS@DEN,WAS,DEN,,,,,,WR/FLEX
65907-53646,WR,Austin,Austin Proehl,Proehl,,,4500,NE@LAC,LAC,NE,,,,,,WR/FLEX
65907-43416,WR,Trent,Trent Taylor,Taylor,1.2363636710427024,11,4500,CIN@NYJ,CIN,NYJ,,,,,,WR/FLEX
65907-41370,WR,Trevor,Trevor Davis,Davis,0,2,4500,CAR@ATL,ATL,CAR,,,,,,WR/FLEX
65907-72091,RB,Raymond,Raymond Calais,Calais,0,5,4500,LAR@HOU,LAR,HOU,IR,Foot,,,,RB/FLEX
65907-41371,RB,Khalfani,Khalfani Muhammad,Muhammad,0,1,4500,GB@ARI,ARI,GB,,,,,,RB/FLEX
65907-63919,WR,Bailey,Bailey Gaither,Gaither,,,4500,GB@ARI,GB,ARI,,,,,,WR/FLEX
65907-147899,RB,Darius,Darius Clark,Clark,,,4500,CAR@ATL,CAR,ATL,Q,Knee,,,,RB/FLEX
65907-72133,WR,Antoine,Antoine Wesley,Wesley,0,1,4500,GB@ARI,ARI,GB,,,,,,WR/FLEX
65907-55750,WR,Chris,Chris Lacy,Lacy,0,1,4500,SF@CHI,CHI,SF,,,,,,WR/FLEX
65907-72135,WR,T.J.,T.J. Vasher,Vasher,,,4500,DAL@MIN,DAL,MIN,IR,Knee - meniscus,,,,WR/FLEX
65907-86472,WR,John,John Hightower,Hightower,2.3799999237060545,10,4500,PHI@DET,PHI,DET,,,,,,WR/FLEX
65907-96714,WR,Travis,Travis Toivonen,Toivonen,,,4500,NYG@KC,NYG,KC,,,,,,WR/FLEX
65907-88525,WR,Kawaan,Kawaan Baker,Baker,,,4500,TB@NO,NO,TB,,,,,,WR/FLEX
65907-31184,RB,Jonathan,Jonathan Williams,Williams,0.8666666348775228,3,4500,WAS@DEN,WAS,DEN,,,,,,RB/FLEX
65907-41430,WR,Devin,Devin Ross,Ross,0,1,4500,NE@LAC,NE,LAC,,,,,,WR/FLEX
65907-14820,RB,Nick,Nick Bellore,Bellore,0.6333333253860474,3,4500,JAC@SEA,SEA,JAC,,,,,,RB/FLEX
65907-39428,RB,Kyle,Kyle Juszczyk,Juszczyk,5.6200000762939455,5,4500,SF@CHI,SF,CHI,,,,,,RB/FLEX
65907-88590,RB,Scottie,Scottie Phillips,Phillips,2.0999999046325684,1,4500,LAR@HOU,HOU,LAR,,,,,,RB/FLEX
65907-6672,TE,Marcedes,Marcedes Lewis,Lewis,3.0600000381469727,5,4500,GB@ARI,GB,ARI,,,,,,TE/FLEX
65907-55830,RB,D'Onta,D'Onta Foreman,Foreman,3.3,5,4500,CAR@ATL,ATL,CAR,,,,,,RB/FLEX
65907-96798,RB,Josh,Josh Johnson,Johnson,,,4500,JAC@SEA,SEA,JAC,,,,,,RB/FLEX
65907-72235,WR,Damon,Damon Hazelton,Hazelton,,,4500,LAR@HOU,HOU,LAR,,,,,,WR/FLEX
65907-70206,RB,Jason,Jason Huntley,Huntley,0.48000001907348633,5,4500,PHI@DET,PHI,DET,,,,,,RB/FLEX
65907-150090,WR,Cade,Cade Johnson,Johnson,,,4500,JAC@SEA,SEA,JAC,,,,,,WR/FLEX
65907-62042,WR,Deon,Deon Cain,Cain,0,1,4500,PHI@DET,PHI,DET,,,,,,WR/FLEX
65907-72297,RB,Rico,Rico Dowdle,Dowdle,0.8000000317891439,3,4500,DAL@MIN,DAL,MIN,IR,Hip,,,,RB/FLEX
65907-88685,WR,Austin,Austin Trammell,Trammell,,,4500,CAR@ATL,ATL,CAR,,,,,,WR/FLEX
65907-33403,WR,Tevin,Tevin Jones,Jones,0,1,4500,JAC@SEA,JAC,SEA,,,,,,WR/FLEX
65907-94850,WR,Jhamon,Jhamon Ausbon,Ausbon,,,4500,PHI@DET,PHI,DET,,,,,,WR/FLEX
65907-55940,WR,Chad,Chad Hansen,Hansen,7.619999694824219,5,4500,PHI@DET,DET,PHI,Q,Undisclosed,,,,WR/FLEX
65907-55941,RB,Patrick,Patrick Laird,Laird,1.8888888888888888,9,4500,MIA@BUF,MIA,BUF,,,,,,RB/FLEX
65907-27273,RB,Andy,Andy Janovich,Janovich,2.6666666666666665,3,4500,PIT@CLE,CLE,PIT,IR,Hamstring,,,,RB/FLEX
65907-90777,WR,Tre,Tre Walker,Walker,,,4500,MIA@BUF,BUF,MIA,,,,,,WR/FLEX
65907-55964,RB,Tony,Tony Brooks-James,Brooks-James,0.4000000059604645,1,4500,PIT@CLE,PIT,CLE,,,,,,RB/FLEX
65907-47780,WR,Taywan,Taywan Taylor,Taylor,0,2,4500,LAR@HOU,HOU,LAR,Q,Undisclosed,,,,WR/FLEX
65907-64175,WR,Hakeem,Hakeem Butler,Butler,0,2,4500,PHI@DET,PHI,DET,,,,,,WR/FLEX
65907-96942,WR,Keelan,Keelan Doss,Doss,,,4500,CAR@ATL,ATL,CAR,,,,,,WR/FLEX
65907-58041,RB,Mike,Mike Boone,Boone,0.800000011920929,1,4500,WAS@DEN,DEN,WAS,,,,,,RB/FLEX
65907-72382,RB,Gabe,Gabe Nabers,Nabers,1.1333333651224773,3,4500,NE@LAC,LAC,NE,,,,,,RB/FLEX
65907-33472,RB,C.J.,C.J. Prosise,Prosise,2.0399999618530273,5,4500,TB@NO,TB,NO,,,,,,RB/FLEX
65907-27338,RB,Rex,Rex Burkhead,Burkhead,0.5,4,4500,LAR@HOU,HOU,LAR,,,,,,RB/FLEX
65907-64205,WR,Jalen,Jalen McCleskey,McCleskey,0,1,4500,TB@NO,NO,TB,Q,Hamstring,,,,WR/FLEX
65907-53967,RB,Nick,Nick Bawden,Bawden,0,1,4500,CIN@NYJ,NYJ,CIN,,,,,,RB/FLEX
65907-88793,RB,Stevie,Stevie Scott III,Scott III,,,4500,WAS@DEN,DEN,WAS,,,,,,RB/FLEX
65907-92890,WR,Cody,Cody White,White,1.350000023841858,2,4500,PIT@CLE,PIT,CLE,,,,,,WR/FLEX
65907-64222,RB,Jordan,Jordan Glasgow,Glasgow,0,2,4500,TEN@IND,IND,TEN,IR,Concussion,,,,RB/FLEX
65907-29411,TE,Pharaoh,Pharaoh Brown,Brown,2.8999999364217124,6,4500,LAR@HOU,HOU,LAR,,,,,,TE/FLEX
65907-56041,RB,Khari,Khari Blasingame,Blasingame,1.1800000190734863,5,4500,TEN@IND,TEN,IND,,,,,,RB/FLEX
65907-54010,RB,Brian,Brian Hill,Hill,5.181250095367432,16,4500,TEN@IND,TEN,IND,,,,,,RB/FLEX
65907-64252,WR,Tony,Tony Brown,Brown,0,1,4500,WAS@DEN,WAS,DEN,,,,,,WR/FLEX
65907-88830,WR,Whop,Whop Philyor,Philyor,,,4500,DAL@MIN,MIN,DAL,,,,,,WR/FLEX
65907-92932,RB,Javian,Javian Hawkins,Hawkins,,,4500,LAR@HOU,LAR,HOU,,,,,,RB/FLEX
65907-41741,WR,DaeSean,DaeSean Hamilton,Hamilton,4.233333269755046,12,4500,WAS@DEN,DEN,WAS,IR,Knee - acl,,,,WR/FLEX
65907-94993,RB,Pooka,Pooka Williams Jr.,Williams Jr.,,,4500,CIN@NYJ,CIN,NYJ,,,,,,RB/FLEX
65907-56099,RB,Cullen,Cullen Gillaspia,Gillaspia,0.550000011920929,2,4500,NYG@KC,NYG,KC,,,,,,RB/FLEX
65907-72493,WR,Trishton,Trishton Jackson,Jackson,0,2,4500,DAL@MIN,MIN,DAL,,,,,,WR/FLEX
65907-92976,WR,Tutu,Tutu Atwell,Atwell,0,5,4500,LAR@HOU,LAR,HOU,,,,,,WR/FLEX
65907-43826,WR,Tommylee,Tommylee Lewis,Lewis,0.48000001907348633,5,4500,TB@NO,NO,TB,Q,Undisclosed,,,,WR/FLEX
65907-95031,WR,Isaiah,Isaiah McKoy,McKoy,,,4500,PIT@CLE,PIT,CLE,,,,,,WR/FLEX
65907-31561,WR,Donte,Donte Moncrief,Moncrief,0.40000001589457196,6,4500,LAR@HOU,HOU,LAR,Q,Undisclosed,,,,WR/FLEX
65907-41806,WR,Laquon,Laquon Treadwell,Treadwell,0,2,4500,JAC@SEA,JAC,SEA,,,,,,WR/FLEX
65907-56142,WR,Juwann,Juwann Winfree,Winfree,,,4500,GB@ARI,GB,ARI,,,,,,WR/FLEX
65907-64350,WR,Jeff,Jeff Smith,Smith,1.933333396911621,3,4500,CIN@NYJ,NYJ,CIN,,,,,,WR/FLEX
65907-93023,RB,Jermar,Jermar Jefferson,Jefferson,,,4500,PHI@DET,DET,PHI,,,,,,RB/FLEX
65907-70501,RB,C.J.,C.J. Ham,Ham,1.4399999618530273,5,4500,DAL@MIN,MIN,DAL,,,,,,RB/FLEX
65907-64357,WR,Michael,Michael Walker,Walker,0,2,4500,PHI@DET,PHI,DET,Q,Undisclosed,,,,WR/FLEX
65907-72552,WR,Branden,Branden Mack,Mack,,,4500,WAS@DEN,DEN,WAS,,,,,,WR/FLEX
65907-31602,WR,Fred,Fred Brown,Brown,0,1,4500,TEN@IND,TEN,IND,,,,,,WR/FLEX
65907-93055,WR,Isaiah,Isaiah Hodgins,Hodgins,,,4500,MIA@BUF,BUF,MIA,Q,Knee,,,,WR/FLEX
65907-43912,WR,Chad,Chad Beebe,Beebe,3.6454544067382812,11,4500,DAL@MIN,MIN,DAL,IR,Foot,,,,WR/FLEX
65907-64405,WR,Dan,Dan Chisena,Chisena,,,4500,DAL@MIN,MIN,DAL,,,,,,WR/FLEX
65907-25513,WR,Darius,Darius Jennings,Jennings,0,1,4500,PHI@DET,DET,PHI,,,,,,WR/FLEX
65907-54186,WR,A.J.,A.J. Richardson,Richardson,0,2,4500,GB@ARI,ARI,GB,,,,,,WR/FLEX
65907-72627,RB,Patrick,Patrick Taylor,Taylor,,,4500,GB@ARI,GB,ARI,,,,,,RB/FLEX
65907-39859,TE,Jack,Jack Doyle,Doyle,2.828571319580078,7,4500,TEN@IND,IND,TEN,,,,,,TE/FLEX
65907-103352,RB,Christian,Christian Wade,Wade,,,4500,MIA@BUF,BUF,MIA,O,Shoulder,,,,RB/FLEX
65907-43973,RB,Keith,Keith Smith,Smith,1.0333333015441895,6,4500,CAR@ATL,ATL,CAR,,,,,,RB/FLEX
65907-93134,RB,Deon,Deon Jackson,Jackson,,,4500,TEN@IND,IND,TEN,,,,,,RB/FLEX
65907-72669,WR,Isaiah,Isaiah Wright,Wright,2.7333332697550454,12,4500,WAS@DEN,WAS,DEN,,,,,,WR/FLEX
65907-41954,WR,Victor,Victor Bolden,Bolden,0,1,4500,PHI@DET,DET,PHI,,,,,,WR/FLEX
65907-72676,RB,Troymaine,Troymaine Pope,Pope,3.950000047683716,4,4500,TB@NO,TB,NO,Q,Undisclosed,,,,RB/FLEX
65907-31732,WR,Corey,Corey Coleman,Coleman,0,1,4500,NYG@KC,NYG,KC,,,,,,WR/FLEX
65907-70645,WR,Eli,Eli Stove,Stove,,,4500,NE@LAC,LAC,NE,Q,Knee - acl,,,,WR/FLEX
65907-72693,RB,Adrian,Adrian Killins,Killins,-0.25,2,4500,WAS@DEN,DEN,WAS,IR,Ankle,,,,RB/FLEX
65907-39930,WR,Reggie,Reggie Davis,Davis,0,2,4500,DAL@MIN,DAL,MIN,,,,,,WR/FLEX
65907-70663,WR,Frank,Frank Darby,Darby,,,4500,CAR@ATL,ATL,CAR,,,,,,WR/FLEX
65907-70662,WR,Tyler,Tyler Vaughns,Vaughns,,,4500,PIT@CLE,PIT,CLE,,,,,,WR/FLEX
65907-54280,WR,Duke,Duke Williams,Williams,,,4500,MIA@BUF,BUF,MIA,Q,Hamstring,,,,WR/FLEX
65907-41997,WR,River,River Cracraft,Cracraft,1.4199999809265136,5,4500,SF@CHI,SF,CHI,,,,,,WR/FLEX
65907-72718,RB,Benny,Benny LeMay,LeMay,0,1,4500,TEN@IND,IND,TEN,,,,,,RB/FLEX
65907-27671,WR,Jake,Jake Kumerow,Kumerow,0,2,4500,MIA@BUF,BUF,MIA,,,,,,WR/FLEX
65907-70680,WR,Jalen,Jalen Camp,Camp,,,4500,LAR@HOU,HOU,LAR,,,,,,WR/FLEX
65907-154661,WR,Michael,Michael Bandy,Bandy,,,4500,NE@LAC,LAC,NE,,,,,,WR/FLEX
65907-148546,WR,Darece,Darece Roberson Jr.,Roberson Jr.,,,4500,JAC@SEA,SEA,JAC,,,,,,WR/FLEX
65907-89157,RB,Caleb,Caleb Huntley,Huntley,,,4500,CAR@ATL,ATL,CAR,O,Undisclosed,,,,RB/FLEX
65907-44103,RB,Elijah,Elijah McGuire,McGuire,0,1,4500,NYG@KC,KC,NYG,,,,,,RB/FLEX
65907-27721,WR,Justin,Justin Hardee Sr.,Hardee Sr.,,,4500,CIN@NYJ,NYJ,CIN,,,,,,WR/FLEX
65907-72780,RB,Josh,Josh Hokit,Hokit,0,1,4500,SF@CHI,SF,CHI,,,,,,RB/FLEX
65907-68686,WR,C.J.,C.J. Saunders,Saunders,,,4500,CAR@ATL,CAR,ATL,,,,,,WR/FLEX
65907-91214,WR,Stephen,Stephen Guidry,Guidry,0,1,4500,DAL@MIN,DAL,MIN,,,,,,WR/FLEX
65907-87122,WR,Lynn,Lynn Bowden Jr.,Bowden Jr.,3.9580001831054688,10,4500,MIA@BUF,MIA,BUF,IR,Hamstring,,,,WR/FLEX
65907-68694,RB,Antonio,Antonio Williams,Williams,20.799999237060547,1,4500,MIA@BUF,BUF,MIA,Q,Neck,,,,RB/FLEX
65907-70749,WR,Ryan,Ryan Becker,Becker,0,2,4500,CAR@ATL,ATL,CAR,IR,Undisclosed,,,,WR/FLEX
65907-64627,WR,Scotty,Scotty Washington,Washington,0,1,4500,CIN@NYJ,CIN,NYJ,,,,,,WR/FLEX
65907-52345,WR,Brandon,Brandon Powell,Powell,1.5733333587646485,15,4500,MIA@BUF,MIA,BUF,,,,,,WR/FLEX
65907-64634,WR,Alex,Alex Bachman,Bachman,0,1,4500,NYG@KC,NYG,KC,Q,Undisclosed,,,,WR/FLEX
65907-42107,WR,Robert,Robert Foster,Foster,1.566666603088379,3,4500,DAL@MIN,DAL,MIN,,,,,,WR/FLEX
65907-83083,WR,Justin,Justin Watson,Watson,2.5799999237060547,5,4500,TB@NO,TB,NO,NA,Knee,,,,WR/FLEX
65907-83086,WR,Daurice,Daurice Fountain,Fountain,1.099999984105428,3,4500,NYG@KC,KC,NYG,,,,,,WR/FLEX
65907-89230,RB,Cam,Cam Akers,Akers,9.266666666666667,15,4500,LAR@HOU,LAR,HOU,IR,Achilles,,,,RB/FLEX
65907-25760,WR,Allen,Allen Hurns,Hurns,0,1,4500,MIA@BUF,MIA,BUF,IR,Wrist,,,,WR/FLEX
65907-91305,WR,Jeremiah,Jeremiah Haydel,Haydel,,,4500,LAR@HOU,LAR,HOU,,,,,,WR/FLEX
65907-52397,RB,Devante,Devante Downs,Downs,0,1,4500,NYG@KC,NYG,KC,,,,,,RB/FLEX
65907-52405,WR,Jalen,Jalen Hurd,Hurd,0,1,4500,SF@CHI,SF,CHI,IR,Knee,,,,WR/FLEX
65907-52409,RB,Jakob,Jakob Johnson,Johnson,4.199999809265137,1,4500,NE@LAC,NE,LAC,,,,,,RB/FLEX
65907-52410,WR,Josh,Josh Malone,Malone,1.2000000476837158,4,4500,WAS@DEN,DEN,WAS,,,,,,WR/FLEX
65907-89287,WR,Tamorrion,Tamorrion Terry,Terry,,,4500,JAC@SEA,SEA,JAC,,,,,,WR/FLEX
65907-64718,WR,Kai,Kai Locksley,Locksley,,,4500,MIA@BUF,MIA,BUF,,,,,,WR/FLEX
65907-40148,WR,Ishmael,Ishmael Hyman,Hyman,0,2,4500,CAR@ATL,CAR,ATL,,,,,,WR/FLEX
65907-70868,RB,Damarea,Damarea Crockett,Crockett,0.699999988079071,1,4500,WAS@DEN,DEN,WAS,,,,,,RB/FLEX
65907-130265,WR,John,John Hurst,Hurst,,,4500,TB@NO,TB,NO,,,,,,WR/FLEX
65907-130268,WR,Josh,Josh Pearson,Pearson,,,4500,TB@NO,TB,NO,,,,,,WR/FLEX
65907-130270,TE,Adam,Adam Trautman,Trautman,2.5,5,4500,TB@NO,NO,TB,,,,,,TE/FLEX
65907-68835,RB,CJ,CJ Marable,Marable,,,4500,SF@CHI,CHI,SF,,,,,,RB/FLEX
65907-130275,WR,Kristian,Kristian Wilkerson,Wilkerson,0,1,4500,NE@LAC,NE,LAC,,,,,,WR/FLEX
65907-130274,WR,Isaiah,Isaiah Coulter,Coulter,,,4500,SF@CHI,CHI,SF,,,,,,WR/FLEX
65907-130276,WR,Mason,Mason Kinsey,Kinsey,0,1,4500,TEN@IND,TEN,IND,,,,,,WR/FLEX
65907-130279,WR,Matt,Matt Cole,Cole,0,1,4500,CAR@ATL,CAR,ATL,,,,,,WR/FLEX
65907-64744,RB,Josh,Josh Adams,Adams,4.7999997820172995,7,4500,CIN@NYJ,NYJ,CIN,,,,,,RB/FLEX
65907-25837,RB,Duke,Duke Johnson,Johnson,6.400000138716265,11,4500,MIA@BUF,MIA,BUF,,,,,,RB/FLEX
65907-44280,WR,JoJo,JoJo Natson,Natson,0.07500000298023224,4,4500,PIT@CLE,CLE,PIT,,,,,,WR/FLEX
65907-72955,WR,Antonio,Antonio Nunn,Nunn,,,4500,CAR@ATL,ATL,CAR,,,,,,WR/FLEX
65907-29949,WR,Marvin,Marvin Hall,Hall,4.6636362942782315,11,4500,NE@LAC,NE,LAC,,,,,,WR/FLEX
65907-89342,WR,Jonathan,Jonathan Adams Jr.,Adams Jr.,,,4500,PHI@DET,DET,PHI,,,,,,WR/FLEX
65907-72961,WR,Anthony,Anthony Johnson,Johnson,0,1,4500,PIT@CLE,PIT,CLE,,,,,,WR/FLEX
65907-130309,WR,J.J.,J.J. Koski,Koski,0,2,4500,LAR@HOU,LAR,HOU,,,,,,WR/FLEX
65907-130315,WR,Chris,Chris Rowland,Rowland,0,2,4500,CAR@ATL,ATL,CAR,,,,,,WR/FLEX
65907-130317,WR,Juwan,Juwan Green,Green,0,1,4500,CAR@ATL,ATL,CAR,,,,,,WR/FLEX
65907-130318,RB,Mikey,Mikey Daniel,Daniel,0,1,4500,CAR@ATL,CAR,ATL,,,,,,RB/FLEX
65907-130320,WR,Aaron,Aaron Parker,Parker,0,1,4500,CAR@ATL,CAR,ATL,,,,,,WR/FLEX
65907-64786,RB,Ryquell,Ryquell Armstead,Armstead,0,2,4500,TB@NO,NO,TB,,,,,,RB/FLEX
65907-72981,WR,Aleva,Aleva Hifo,Hifo,,,4500,GB@ARI,ARI,GB,,,,,,WR/FLEX
65907-130326,WR,Manasseh,Manasseh Bailey,Bailey,0,1,4500,CIN@NYJ,NYJ,CIN,,,,,,WR/FLEX
65907-34073,TE,Ryan,Ryan Griffin,Griffin,1.816666603088379,6,4500,CIN@NYJ,NYJ,CIN,,,,,,TE/FLEX
65907-130335,WR,Reggie,Reggie Begelton,Begelton,,,4500,GB@ARI,GB,ARI,,,,,,WR/FLEX
65907-60704,WR,Derrick,Derrick Dillon,Dillon,0,1,4500,NYG@KC,NYG,KC,Q,Undisclosed,,,,WR/FLEX
65907-29985,WR,Jaydon,Jaydon Mickens,Mickens,0,5,4500,TB@NO,TB,NO,,,,,,WR/FLEX
65907-130336,RB,Sandro,Sandro Platzgummer,Platzgummer,0,1,4500,NYG@KC,NYG,KC,,,,,,RB/FLEX
65907-130338,WR,Rysen,Rysen John,John,0,1,4500,NYG@KC,NYG,KC,IR,Ankle,,,,WR/FLEX
65907-68901,RB,Gerrid,Gerrid Doaks,Doaks,,,4500,MIA@BUF,MIA,BUF,,,,,,RB/FLEX
65907-91428,WR,Tarik,Tarik Black,Black,,,4500,TEN@IND,IND,TEN,,,,,,WR/FLEX
65907-46374,WR,Tanner,Tanner Gentry,Gentry,,,4500,MIA@BUF,BUF,MIA,,,,,,WR/FLEX
65907-91431,RB,Ben,Ben Mason,Mason,,,4500,NE@LAC,NE,LAC,,,,,,RB/FLEX
65907-130343,WR,Jeff,Jeff Cotton Jr.,Cotton Jr.,0,1,4500,JAC@SEA,JAC,SEA,,,,,,WR/FLEX
65907-89384,WR,DeMichael,DeMichael Harris,Harris,2.9166666666666665,6,4500,TEN@IND,IND,TEN,,,,,,WR/FLEX
65907-64828,WR,Chris,Chris Finke,Finke,0,1,4500,NYG@KC,KC,NYG,Q,Undisclosed,,,,WR/FLEX
65907-64835,RB,Dexter,Dexter Williams,Williams,0.4000000059604645,2,4500,NYG@KC,NYG,KC,,,,,,RB/FLEX
65907-52553,WR,De'Mornay,De'Mornay Pierson-El,Pierson-El,,,4500,WAS@DEN,DEN,WAS,,,,,,WR/FLEX
65907-54606,WR,John,John Brown,Brown,0,1,4500,WAS@DEN,DEN,WAS,,,,,,WR/FLEX
65907-73046,WR,Tre,Tre Nixon,Nixon,,,4500,NE@LAC,NE,LAC,,,,,,WR/FLEX
65907-89437,WR,Tim,Tim Jones,Jones,,,4500,JAC@SEA,JAC,SEA,,,,,,WR/FLEX
65907-60765,WR,Brian,Brian Cole,Cole,0,1,4500,CAR@ATL,CAR,ATL,,,,,,WR/FLEX
65907-34154,WR,J.J.,J.J. Nelson,Nelson,0,1,4500,TEN@IND,IND,TEN,IR,Groin,,,,WR/FLEX
65907-91504,WR,Blake,Blake Proehl,Proehl,,,4500,DAL@MIN,MIN,DAL,IR,Leg,,,,WR/FLEX
65907-52598,WR,Johnnie,Johnnie Dixon,Dixon,0,2,4500,DAL@MIN,DAL,MIN,,,,,,WR/FLEX
65907-52602,WR,DeAndre,DeAndre Thompkins,Thompkins,0,1,4500,GB@ARI,GB,ARI,Q,Undisclosed,,,,WR/FLEX
65907-71039,WR,Kelvin,Kelvin Harmon,Harmon,0,1,4500,WAS@DEN,WAS,DEN,,,,,,WR/FLEX
65907-64901,RB,Cameron,Cameron Scarlett,Scarlett,,,4500,JAC@SEA,SEA,JAC,,,,,,RB/FLEX
65907-93577,WR,Dazz,Dazz Newsome,Newsome,,,4500,SF@CHI,CHI,SF,,,,,,WR/FLEX
65907-64905,WR,Trenton,Trenton Irwin,Irwin,1.5,2,4500,CIN@NYJ,CIN,NYJ,,,,,,WR/FLEX
65907-64907,WR,JJ,JJ Arcega-Whiteside,Arcega-Whiteside,3.7,5,4500,PHI@DET,PHI,DET,Q,Back,,,,WR/FLEX
65907-28055,WR,Amara,Amara Darboh,Darboh,0,1,4500,WAS@DEN,DEN,WAS,,,,,,WR/FLEX
65907-73116,WR,Javon,Javon McKinley,McKinley,,,4500,PHI@DET,DET,PHI,,,,,,WR/FLEX
65907-64926,WR,Michael,Michael Jacquet III,Jacquet III,0,1,4500,PHI@DET,PHI,DET,,,,,,WR/FLEX
65907-32161,WR,Gehrig,Gehrig Dieter,Dieter,1.5,1,4500,NYG@KC,KC,NYG,,,,,,WR/FLEX
65907-60835,WR,Isaac,Isaac Whitney,Whitney,,,4500,GB@ARI,ARI,GB,,,,,,WR/FLEX
65907-60838,WR,Andre,Andre Baccellia,Baccellia,0,1,4500,GB@ARI,ARI,GB,,,,,,WR/FLEX
65907-62891,WR,Omar,Omar Bayless,Bayless,0,2,4500,CAR@ATL,CAR,ATL,,,,,,WR/FLEX
65907-28080,WR,Devin,Devin Funchess,Funchess,,,4500,GB@ARI,GB,ARI,Q,Hamstring,,,,WR/FLEX
65907-60849,WR,Blake,Blake Lynch,Lynch,,,4500,DAL@MIN,MIN,DAL,,,,,,WR/FLEX
65907-60861,WR,Damion,Damion Ratley,Ratley,1.3833333651224773,6,4500,DAL@MIN,DAL,MIN,,,,,,WR/FLEX
65907-71105,WR,Ben,Ben Skowronek,Skowronek,0,1,4500,LAR@HOU,LAR,HOU,,,,,,WR/FLEX
65907-69056,WR,Mathew,Mathew Sexton,Sexton,,,4500,PIT@CLE,PIT,CLE,,,,,,WR/FLEX
65907-64962,RB,LeVante,LeVante Bellamy,Bellamy,0.6999999682108561,3,4500,WAS@DEN,DEN,WAS,IR,Ankle,,,,RB/FLEX
65907-26057,RB,Michael,Michael Burton,Burton,0.625,4,4500,NYG@KC,KC,NYG,Q,Pectoral,,,,RB/FLEX
65907-64973,WR,Micah,Micah Simon,Simon,,,4500,CAR@ATL,CAR,ATL,,,,,,WR/FLEX
65907-69068,RB,Jonathan,Jonathan Ward,Ward,1.0499999523162842,2,4500,GB@ARI,ARI,GB,,,,,,RB/FLEX
65907-64974,RB,Francis,Francis Bernard,Bernard,0,1,4500,DAL@MIN,DAL,MIN,IR,Hamstring,,,,RB/FLEX
65907-71120,WR,Riley,Riley Lees,Lees,,,4500,CIN@NYJ,CIN,NYJ,,,,,,WR/FLEX
65907-103896,WR,Nsimba,Nsimba Webster,Webster,0,3,4500,SF@CHI,CHI,SF,,,,,,WR/FLEX
65907-21980,WR,Alshon,Alshon Jeffery,Jeffery,2.5625,8,4500,PHI@DET,PHI,DET,,,,,,WR/FLEX
65907-103901,WR,Davion,Davion Davis,Davis,,,4500,LAR@HOU,HOU,LAR,,,,,,WR/FLEX
65907-103902,WR,Alexander,Alexander Hollins,Hollins,,,4500,PIT@CLE,CLE,PIT,,,,,,WR/FLEX
65907-34295,WR,Breshad,Breshad Perriman,Perriman,7.008333206176758,12,4500,SF@CHI,CHI,SF,,,,,,WR/FLEX
65907-89613,WR,Simi,Simi Fehoko,Fehoko,,,4500,DAL@MIN,DAL,MIN,,,,,,WR/FLEX
65907-62994,WR,Steven,Steven Sims Jr.,Sims Jr.,3.9285714285714284,14,4500,PIT@CLE,PIT,CLE,,,,,,WR/FLEX
65907-22035,WR,Travis,Travis Benjamin,Benjamin,0,1,4500,SF@CHI,SF,CHI,,,,,,WR/FLEX
65907-73247,RB,Kene,Kene Nwangwu,Nwangwu,,,4500,DAL@MIN,MIN,DAL,,,,,,RB/FLEX
65907-69150,WR,Jordan,Jordan Veasy,Veasy,0,1,4500,LAR@HOU,HOU,LAR,,,,,,WR/FLEX
65907-54817,WR,Diontae,Diontae Spencer,Spencer,0.028571428997176036,7,4500,WAS@DEN,DEN,WAS,,,,,,WR/FLEX
65907-89632,WR,Connor,Connor Wedington,Wedington,,,4500,SF@CHI,SF,CHI,,,,,,WR/FLEX
65907-38444,RB,Tyler,Tyler Gaffney,Gaffney,,,4500,NE@LAC,NE,LAC,,,,,,RB/FLEX
65907-63025,RB,Nathan,Nathan Cottrell,Cottrell,0,6,4500,JAC@SEA,JAC,SEA,,,,,,RB/FLEX
65907-60978,RB,Carl,Carl Tucker,Tucker,,,4500,MIA@BUF,MIA,BUF,,,,,,RB/FLEX
65907-60983,WR,Anthony,Anthony Ratliff-Williams,Ratliff-Williams,,,4500,JAC@SEA,SEA,JAC,,,,,,WR/FLEX
65907-71228,WR,Marquez,Marquez Stevenson,Stevenson,,,4500,MIA@BUF,BUF,MIA,IR,Head,,,,WR/FLEX
65907-103998,WR,Thomas,Thomas Ives,Ives,0,2,4500,SF@CHI,CHI,SF,Q,Undisclosed,,,,WR/FLEX
65907-87617,WR,Sage,Sage Surratt,Surratt,,,4500,PHI@DET,DET,PHI,,,,,,WR/FLEX
65907-52808,RB,Dontrell,Dontrell Hilliard,Hilliard,1.1,5,4500,TEN@IND,TEN,IND,,,,,,RB/FLEX
65907-54863,WR,C.J.,C.J. Goodwin,Goodwin,0,5,4500,DAL@MIN,DAL,MIN,,,,,,WR/FLEX
65907-63061,WR,Gary,Gary Jennings,Jennings,0,1,4500,TEN@IND,IND,TEN,Q,Undisclosed,,,,WR/FLEX
65907-69215,WR,Josh,Josh Imatorbhebhe,Imatorbhebhe,,,4500,JAC@SEA,JAC,SEA,,,,,,WR/FLEX
65907-22113,RB,Alfred,Alfred Morris,Morris,3.9200000762939453,10,4500,NYG@KC,NYG,KC,,,,,,RB/FLEX
65907-63078,RB,Ke'Shawn,Ke'Shawn Vaughn,Vaughn,2.700000047683716,1,4500,TB@NO,TB,NO,,,,,,RB/FLEX
65907-87657,WR,Seth,Seth Williams,Williams,,,4500,WAS@DEN,DEN,WAS,,,,,,WR/FLEX
65907-104041,WR,Myron,Myron Mitchell,Mitchell,,,4500,DAL@MIN,MIN,DAL,,,,,,WR/FLEX
65907-38509,RB,Wendell,Wendell Smallwood,Smallwood,0,1,4500,JAC@SEA,JAC,SEA,,,,,,RB/FLEX
65907-71280,WR,Kalija,Kalija Lipscomb,Lipscomb,,,4500,TEN@IND,TEN,IND,,,,,,WR/FLEX
65907-38514,WR,Kevin,Kevin White,White,0,1,4500,TB@NO,NO,TB,,,,,,WR/FLEX
65907-56946,WR,Ventell,Ventell Bryant,Bryant,0,1,4500,CAR@ATL,CAR,ATL,,,,,,WR/FLEX
65907-93824,WR,Easop,Easop Winston Jr.,Winston Jr.,0,2,4500,TB@NO,NO,TB,,,,,,WR/FLEX
65907-91783,WR,Warren,Warren Jackson,Jackson,,,4500,DAL@MIN,MIN,DAL,,,,,,WR/FLEX
65907-61072,WR,Stanley,Stanley Morgan,Morgan,0,1,4500,CIN@NYJ,CIN,NYJ,,,,,,WR/FLEX
65907-7856,WR,Matthew,Matthew Slater,Slater,0,1,4500,NE@LAC,NE,LAC,,,,,,WR/FLEX
65907-52917,WR,DJ,DJ Chark Jr.,Chark Jr.,10.299999872843424,3,4500,JAC@SEA,JAC,SEA,IR,Ankle,,,,WR/FLEX
65907-89785,RB,Spencer,Spencer Brown,Brown,,,4500,CAR@ATL,CAR,ATL,,,,,,RB/FLEX
65907-71355,RB,Elijah,Elijah Holyfield,Holyfield,0,1,4500,CIN@NYJ,CIN,NYJ,,,,,,RB/FLEX
65907-104124,WR,Darrius,Darrius Shepherd,Shepherd,0.7285714149475098,7,4500,NYG@KC,KC,NYG,,,,,,WR/FLEX
65907-69310,WR,Josh,Josh Hammond,Hammond,0,2,4500,JAC@SEA,JAC,SEA,,,,,,WR/FLEX
65907-73406,WR,DeVontres,DeVontres Dukes,Dukes,,,4500,WAS@DEN,DEN,WAS,Q,Undisclosed,,,,WR/FLEX
65907-71360,WR,Tyler,Tyler Simmons,Simmons,,,4500,PIT@CLE,PIT,CLE,,,,,,WR/FLEX
65907-69325,WR,Riley,Riley Ridley,Ridley,2.1,5,4500,SF@CHI,CHI,SF,,,,,,WR/FLEX
65907-71372,WR,Tyrie,Tyrie Cleveland,Cleveland,0,1,4500,WAS@DEN,DEN,WAS,,,,,,WR/FLEX
65907-65231,RB,Adam,Adam Prentice,Prentice,,,4500,TB@NO,NO,TB,,,,,,RB/FLEX
65907-85714,RB,Tory,Tory Carter,Carter,,,4500,TEN@IND,TEN,IND,,,,,,RB/FLEX
65907-71382,WR,Osirus,Osirus Mitchell,Mitchell,,,4500,DAL@MIN,DAL,MIN,O,Foot,,,,WR/FLEX
65907-89817,WR,Austin,Austin Watkins Jr.,Watkins Jr.,,,4500,SF@CHI,SF,CHI,,,,,,WR/FLEX
65907-69343,WR,Landen,Landen Akers,Akers,,,4500,LAR@HOU,LAR,HOU,,,,,,WR/FLEX
65907-63201,RB,Xavier,Xavier Jones,Jones,0,3,4500,LAR@HOU,LAR,HOU,IR,Achilles,,,,RB/FLEX
65907-40674,WR,Jester,Jester Weah,Weah,0,1,4500,SF@CHI,CHI,SF,,,,,,WR/FLEX
65907-85731,WR,Racey,Racey McMath,McMath,0,1,4500,TEN@IND,TEN,IND,IR,Quadriceps,,,,WR/FLEX
65907-147168,WR,Chris,Chris Blair,Blair,,,4500,GB@ARI,GB,ARI,,,,,,WR/FLEX
65907-38634,WR,Ryan,Ryan Switzer,Switzer,0,1,4500,PIT@CLE,CLE,PIT,IR,Foot,,,,WR/FLEX
65907-71414,WR,Quartney,Quartney Davis,Davis,,,4500,TEN@IND,IND,TEN,IR,Shoulder,,,,WR/FLEX
65907-85762,RB,Eno,Eno Benjamin,Benjamin,0.699999988079071,1,4500,GB@ARI,ARI,GB,,,,,,RB/FLEX
65907-69383,WR,Dezmon,Dezmon Patmon,Patmon,0,1,4500,TEN@IND,IND,TEN,IR,Foot,,,,WR/FLEX
65907-26384,RB,Trey,Trey Edmunds,Edmunds,0,1,4500,PIT@CLE,PIT,CLE,,,,,,RB/FLEX
65907-61200,WR,Jaylinn,Jaylinn Hawkins,Hawkins,0,1,4500,CAR@ATL,ATL,CAR,,,,,,WR/FLEX
65907-55088,WR,Malik,Malik Turner,Turner,0,1,4500,DAL@MIN,DAL,MIN,,,,,,WR/FLEX
65907-65331,RB,Sutton,Sutton Smith,Smith,0,1,4500,TB@NO,NO,TB,,,,,,RB/FLEX
65907-32564,WR,Josh,Josh Doctson,Doctson,0,1,4500,GB@ARI,ARI,GB,,,,,,WR/FLEX
65907-71477,WR,Maurice,Maurice Ffrench,Ffrench,,,4500,NE@LAC,LAC,NE,,,,,,WR/FLEX
65907-73551,WR,Stantley,Stantley Thomas-Oliver III,Thomas-Oliver III,0,2,4500,CAR@ATL,CAR,ATL,,,,,,WR/FLEX
65907-28502,WR,Devin,Devin Smith,Smith,0,1,4500,CAR@ATL,CAR,ATL,,,,,,WR/FLEX
65907-63319,WR,K.J.,K.J. Hill,Hill,0.75,6,4500,NE@LAC,LAC,NE,,,,,,WR/FLEX
65907-104289,WR,Malik,Malik Taylor,Taylor,2.4000000953674316,1,4500,GB@ARI,GB,ARI,,,,,,WR/FLEX
65907-63330,RB,Mike,Mike Weber,Weber,,,4500,NYG@KC,NYG,KC,Q,Hip,,,,RB/FLEX
65907-89956,RB,Travis,Travis Etienne,Etienne,,,4500,JAC@SEA,JAC,SEA,IR,Foot,,,,RB/FLEX
65907-104297,WR,Jason,Jason Moore Jr.,Moore Jr.,0,1,4500,NE@LAC,LAC,NE,Q,Undisclosed,,,,WR/FLEX
65907-89970,WR,Amari,Amari Rodgers,Rodgers,0.7166666984558105,6,4500,GB@ARI,GB,ARI,,,,,,WR/FLEX
65907-57208,WR,KeeSean,KeeSean Johnson,Johnson,2.4799999237060546,10,4500,PHI@DET,PHI,DET,,,,,,WR/FLEX
65907-63360,WR,Antonio,Antonio Callaway,Callaway,0.75,4,4500,NYG@KC,KC,NYG,Q,Knee,,,,WR/FLEX
65907-28545,RB,Rod,Rod Smith,Smith,0,1,4500,CAR@ATL,CAR,ATL,,,,,,RB/FLEX
65907-69518,WR,T.J.,T.J. Simmons Jr.,Simmons Jr.,,,4500,TB@NO,TB,NO,,,,,,WR/FLEX
65907-63383,RB,Jordan,Jordan Scarlett,Scarlett,0,2,4500,MIA@BUF,MIA,BUF,,,,,,RB/FLEX
65907-71578,RB,Artavis,Artavis Pierce,Pierce,0,1,4500,SF@CHI,CHI,SF,,,,,,RB/FLEX
65907-40866,WR,J'Mon,J'Mon Moore,Moore,0,1,4500,CAR@ATL,ATL,CAR,Q,Undisclosed,,,,WR/FLEX
65907-63399,WR,Terry,Terry Godwin,Godwin,1.25,4,4500,JAC@SEA,JAC,SEA,IR,Undisclosed,,,,WR/FLEX
65907-34729,RB,Dwayne,Dwayne Washington,Washington,1.600000023841858,1,4500,TB@NO,NO,TB,Q,Neck,,,,RB/FLEX
65907-69558,WR,Greg,Greg Dortch,Dortch,0,2,4500,GB@ARI,ARI,GB,,,,,,WR/FLEX
65907-55224,RB,Reggie,Reggie Bonnafon,Bonnafon,3.924999952316284,4,4500,CAR@ATL,CAR,ATL,,,,,,RB/FLEX
65907-63419,WR,Andy,Andy Isabella,Isabella,4.027272657914595,11,4500,GB@ARI,ARI,GB,,,,,,WR/FLEX
65907-32703,WR,Jakeem,Jakeem Grant Sr.,Grant Sr.,-0.528571435383388,7,4500,SF@CHI,CHI,SF,,,,,,WR/FLEX
65907-61379,RB,Kerrith,Kerrith Whyte Jr.,Whyte Jr.,0,1,4500,JAC@SEA,JAC,SEA,,,,,,RB/FLEX
65907-69577,RB,Tre,Tre Harbison,Harbison,,,4500,PIT@CLE,CLE,PIT,IR,Concussion,,,,RB/FLEX
65907-40932,WR,Pharoh,Pharoh Cooper,Cooper,0.6533333460489908,15,4500,JAC@SEA,JAC,SEA,,,,,,WR/FLEX
65907-104424,RB,Craig,Craig Reynolds,Reynolds,0.40000001589457196,3,4500,PHI@DET,DET,PHI,,,,,,RB/FLEX
65907-71661,WR,Tino,Tino Ellis,Ellis,,,4500,MIA@BUF,MIA,BUF,,,,,,WR/FLEX
65907-104429,WR,Khalil,Khalil McClain,McClain,,,4500,MIA@BUF,MIA,BUF,,,,,,WR/FLEX
65907-65518,WR,John,John Ursua,Ursua,0,1,4500,JAC@SEA,SEA,JAC,IR,Knee - acl,,,,WR/FLEX
65907-14319,RB,Taiwan,Taiwan Jones,Jones,0,3,4500,MIA@BUF,BUF,MIA,,,,,,RB/FLEX
65907-63479,RB,John,John Kelly,Kelly,1.2999999523162842,1,4500,PIT@CLE,CLE,PIT,,,,,,RB/FLEX
65907-28694,TE,Jesse,Jesse James,James,3.5,1,4400,SF@CHI,CHI,SF,,,,,,TE/FLEX
65907-55336,TE,Chris,Chris Herndon,Herndon,3.3499999046325684,2,4400,DAL@MIN,MIN,DAL,,,,,,TE/FLEX
65907-12553,D,Carolina,Carolina Panthers,Panthers,6.285714285714286,7,4400,CAR@ATL,CAR,ATL,,,,,,DEF
65907-26038,TE,Tyler,Tyler Kroft,Kroft,1.899999976158142,4,4400,CIN@NYJ,NYJ,CIN,Q,Back,,,,TE/FLEX
65907-54782,TE,Cameron,Cameron Brate,Brate,2.75,6,4400,TB@NO,TB,NO,,,,,,TE/FLEX
65907-79980,TE,Eric,Eric Saubert,Saubert,1.75,4,4300,WAS@DEN,DEN,WAS,,,,,,TE/FLEX
65907-12550,D,Seattle,Seattle Seahawks,Seahawks,4.285714285714286,7,4300,JAC@SEA,SEA,JAC,,,,,,DEF
65907-29314,TE,Richard,Richard Rodgers,Rodgers,7.3125,8,4300,PHI@DET,PHI,DET,,,,,,TE/FLEX
65907-54007,TE,Jacob,Jacob Hollister,Hollister,2.5250000953674316,4,4300,JAC@SEA,JAC,SEA,,,,,,TE/FLEX
65907-72515,TE,Ian,Ian Thomas,Thomas,2.8333333333333335,6,4300,CAR@ATL,CAR,ATL,,,,,,TE/FLEX
65907-56212,TE,Tommy,Tommy Sweeney,Sweeney,2.7999998728434243,3,4300,MIA@BUF,BUF,MIA,,,,,,TE/FLEX
65907-14237,TE,Kyle,Kyle Rudolph,Rudolph,2.616666634877523,6,4300,NYG@KC,NYG,KC,,,,,,TE/FLEX
65907-104421,TE,Jesper,Jesper Horsted,Horsted,3.3499999046325684,2,4300,SF@CHI,CHI,SF,,,,,,TE/FLEX
65907-14348,TE,Lee,Lee Smith,Smith,3.825000047683716,4,4200,CAR@ATL,ATL,CAR,,,,,,TE/FLEX
65907-71806,TE,Kaden,Kaden Smith,Smith,2.4000000953674316,2,4200,NYG@KC,NYG,KC,,,,,,TE/FLEX
65907-12551,D,Tampa Bay,Tampa Bay Buccaneers,Buccaneers,9,7,4200,TB@NO,TB,NO,,,,,,DEF
65907-27403,TE,Blake,Blake Bell,Bell,1.375,4,4200,NYG@KC,KC,NYG,,,,,,TE/FLEX
65907-70601,TE,Harrison,Harrison Bryant,Bryant,2.3799999237060545,5,4200,PIT@CLE,CLE,PIT,,,,,,TE/FLEX
65907-62508,TE,James,James O'Shaughnessy,O'Shaughnessy,5.349999904632568,2,4200,JAC@SEA,JAC,SEA,IR,Ankle,,,,TE/FLEX
65907-70859,TE,Albert,Albert Okwuegbunam,Okwuegbunam,3.549999952316284,4,4200,WAS@DEN,DEN,WAS,IR,Hamstring,,,,TE/FLEX
65907-11512,TE,Jimmy,Jimmy Graham,Graham,0.800000011920929,2,4200,SF@CHI,CHI,SF,IR,Illness,,,,TE/FLEX
65907-73176,TE,Luke,Luke Farrell,Farrell,1.4199999809265136,5,4200,JAC@SEA,JAC,SEA,,,,,,TE/FLEX
65907-71143,TE,Kylen,Kylen Granson,Granson,1.2333333492279053,3,4200,TEN@IND,IND,TEN,,,,,,TE/FLEX
65907-38523,TE,Geoff,Geoff Swaim,Swaim,1.2571428843906947,7,4200,TEN@IND,TEN,IND,,,,,,TE/FLEX
65907-80011,TE,Antony,Antony Auclair,Auclair,7.599999904632568,1,4100,LAR@HOU,HOU,LAR,,,,,,TE/FLEX
65907-12531,D,Denver,Denver Broncos,Broncos,6.714285714285714,7,4100,WAS@DEN,DEN,WAS,,,,,,DEF
65907-12545,D,Philadelphia,Philadelphia Eagles,Eagles,4.571428571428571,7,4100,PHI@DET,PHI,DET,,,,,,DEF
65907-65839,TE,Kahale,Kahale Warring,Warring,1.25,4,4100,MIA@BUF,BUF,MIA,,,,,,TE/FLEX
65907-31169,TE,Jeremy,Jeremy Sprinkle,Sprinkle,0.48000001907348633,5,4100,DAL@MIN,DAL,MIN,,,,,,TE/FLEX
65907-41469,TE,Darrell,Darrell Daniels,Daniels,0,1,4100,GB@ARI,ARI,GB,Q,Hamstring,,,,TE/FLEX
65907-68155,TE,Codey,Codey McElroy,McElroy,0.25,2,4100,TB@NO,TB,NO,,,,,,TE/FLEX
65907-29277,TE,Stephen,Stephen Anderson,Anderson,1.3600000381469726,5,4100,NE@LAC,LAC,NE,,,,,,TE/FLEX
65907-47788,TE,Deon,Deon Yelder,Yelder,0.5,1,4100,TB@NO,TB,NO,,,,,,TE/FLEX
65907-64221,TE,Zach,Zach Gentry,Gentry,1.1999999682108562,3,4100,PIT@CLE,PIT,CLE,,,,,,TE/FLEX
65907-19342,TE,Demetrius,Demetrius Harris,Harris,0,2,4100,GB@ARI,ARI,GB,,,,,,TE/FLEX
65907-93143,TE,Noah,Noah Gray,Gray,0.6333333253860474,3,4100,NYG@KC,KC,NYG,,,,,,TE/FLEX
65907-72705,TE,John,John Bates,Bates,1.2000000476837158,1,4100,WAS@DEN,WAS,DEN,,,,,,TE/FLEX
65907-70705,TE,Trevon,Trevon Wesco,Wesco,0,2,4100,CIN@NYJ,NYJ,CIN,Q,Knee,,,,TE/FLEX
65907-60791,TE,Tommy,Tommy Hudson,Hudson,1.5333333015441895,3,4100,TEN@IND,TEN,IND,IR,Ankle,,,,TE/FLEX
65907-73089,TE,Devin,Devin Asiasi,Asiasi,2.1799999237060548,5,4100,NE@LAC,NE,LAC,,,,,,TE/FLEX
65907-56711,TE,Drew,Drew Sample,Sample,0.949999988079071,2,4100,CIN@NYJ,CIN,NYJ,,,,,,TE/FLEX
65907-38301,TE,Darren,Darren Fells,Fells,2.1000000635782876,3,4100,PHI@DET,DET,PHI,,,,,,TE/FLEX
65907-40371,TE,Johnny,Johnny Mundt,Mundt,1.399999976158142,1,4100,LAR@HOU,LAR,HOU,IR,Knee - acl,,,,TE/FLEX
65907-89588,TE,Colby,Colby Parkinson,Parkinson,0.6000000238418579,1,4100,JAC@SEA,SEA,JAC,,,,,,TE/FLEX
65907-18009,TE,Chris,Chris Manhertz,Manhertz,2.875,4,4100,JAC@SEA,JAC,SEA,,,,,,TE/FLEX
65907-61112,TE,Josiah,Josiah Deguara,Deguara,0.8999999761581421,2,4100,GB@ARI,GB,ARI,,,,,,TE/FLEX
65907-38722,TE,Cethan,Cethan Carter,Carter,1.2999999523162842,2,4100,MIA@BUF,MIA,BUF,,,,,,TE/FLEX
65907-90123,TE,Quintin,Quintin Morris,Morris,,,4000,MIA@BUF,BUF,MIA,,,,,,TE/FLEX
65907-71697,TE,Shaun,Shaun Beyer,Beyer,,,4000,WAS@DEN,DEN,WAS,,,,,,TE/FLEX
65907-137249,TE,Briley,Briley Moore-McKinney,Moore-McKinney,,,4000,TEN@IND,TEN,IND,IR,Knee - acl,,,,TE/FLEX
65907-59455,TE,Sammis,Sammis Reyes,Reyes,,,4000,WAS@DEN,WAS,DEN,,,,,,TE/FLEX
65907-65607,TE,Jacob,Jacob Harris,Harris,,,4000,LAR@HOU,LAR,HOU,,,,,,TE/FLEX
65907-30800,TE,Jason,Jason Croom,Croom,6.800000190734863,1,4000,PHI@DET,PHI,DET,IR,Knee,,,,TE/FLEX
65907-71767,TE,Caleb,Caleb Wilson,Wilson,0,1,4000,WAS@DEN,WAS,DEN,,,,,,TE/FLEX
65907-86178,TE,Dominique,Dominique Dafney,Dafney,2.4000000953674316,4,4000,GB@ARI,GB,ARI,IR,Hip,,,,TE/FLEX
65907-65737,TE,Sam,Sam Tecklenburg,Tecklenburg,0,2,4000,CAR@ATL,CAR,ATL,,,,,,TE/FLEX
65907-149708,TE,Zach,Zach Davidson,Davidson,,,4000,DAL@MIN,MIN,DAL,,,,,,TE/FLEX
65907-63697,TE,Brycen,Brycen Hopkins,Hopkins,0,2,4000,LAR@HOU,LAR,HOU,,,,,,TE/FLEX
65907-149727,TE,Bernhard,Bernhard Seikovits,Seikovits,,,4000,GB@ARI,ARI,GB,,,,,,TE/FLEX
65907-12525,D,Atlanta,Atlanta Falcons,Falcons,2.8333333333333335,6,4000,CAR@ATL,ATL,CAR,,,,,,DEF
65907-12529,D,Cleveland,Cleveland Browns,Browns,5,7,4000,PIT@CLE,CLE,PIT,,,,,,DEF
65907-61693,TE,Danny,Danny Pinter,Pinter,0,1,4000,TEN@IND,IND,TEN,,,,,,TE/FLEX
65907-12546,D,Arizona,Arizona Cardinals,Cardinals,10.571428571428571,7,4000,GB@ARI,ARI,GB,,,,,,DEF
65907-69898,TE,Artayvious,Artayvious Lynn,Lynn,,,4000,DAL@MIN,DAL,MIN,,,,,,TE/FLEX
65907-55609,TE,Ryan,Ryan Izzo,Izzo,2.4399999618530273,10,4000,JAC@SEA,SEA,JAC,,,,,,TE/FLEX
65907-149827,TE,Nick,Nick Guggemos,Guggemos,,,4000,WAS@DEN,WAS,DEN,,,,,,TE/FLEX
65907-149832,TE,Shane,Shane Zylstra,Zylstra,,,4000,PHI@DET,DET,PHI,,,,,,TE/FLEX
65907-63839,TE,Tyler,Tyler Mabry,Mabry,0,1,4000,JAC@SEA,SEA,JAC,,,,,,TE/FLEX
65907-63841,TE,Matt,Matt Seybert,Seybert,,,4000,NE@LAC,LAC,NE,,,,,,TE/FLEX
65907-94609,TE,Pro,Pro Wells,Wells,,,4000,CIN@NYJ,CIN,NYJ,,,,,,TE/FLEX
65907-45472,TE,Garrett,Garrett Griffin,Griffin,,,4000,TB@NO,NO,TB,,,,,,TE/FLEX
65907-47551,TE,Mason,Mason Schreck,Schreck,0,2,4000,CIN@NYJ,CIN,NYJ,,,,,,TE/FLEX
65907-84440,TE,Jaeden,Jaeden Graham,Graham,0.6666666666666666,6,4000,CAR@ATL,ATL,CAR,IR,Knee,,,,TE/FLEX
65907-64023,TE,Kyle,Kyle Markway,Markway,0,1,4000,PIT@CLE,CLE,PIT,,,,,,TE/FLEX
65907-14895,TE,Patrick,Patrick Scales,Scales,0,2,4000,SF@CHI,CHI,SF,,,,,,TE/FLEX
65907-41552,TE,Dylan,Dylan Cantrell,Cantrell,0,2,4000,WAS@DEN,WAS,DEN,IR,Undisclosed,,,,TE/FLEX
65907-55895,TE,Kendall,Kendall Blanton,Blanton,0,2,4000,LAR@HOU,LAR,HOU,,,,,,TE/FLEX
65907-64088,TE,Cheyenne,Cheyenne O'Grady,O'Grady,,,4000,CIN@NYJ,CIN,NYJ,,,,,,TE/FLEX
65907-62127,TE,Cole,Cole Hikutini,Hikutini,0,1,4000,NYG@KC,NYG,KC,Q,Hip,,,,TE/FLEX
65907-70342,TE,Temarrick,Temarrick Hemingway,Hemingway,0.5,3,4000,WAS@DEN,WAS,DEN,,,,,,TE/FLEX
65907-29390,TE,Evan,Evan Baylis,Baylis,0,2,4000,NYG@KC,KC,NYG,Q,Ankle,,,,TE/FLEX
65907-86770,TE,Hunter,Hunter Bryant,Bryant,1.6333333651224773,3,4000,PHI@DET,DET,PHI,IR,Undisclosed,,,,TE/FLEX
65907-86773,TE,DeShon,DeShon Williams,Williams,,,4000,JAC@SEA,SEA,JAC,,,,,,TE/FLEX
65907-54011,TE,Austin,Austin Fort,Fort,0,1,4000,TEN@IND,TEN,IND,,,,,,TE/FLEX
65907-70426,TE,Reggie,Reggie Gilliam,Gilliam,0.5333333412806193,3,4000,MIA@BUF,BUF,MIA,,,,,,TE/FLEX
65907-58189,TE,Mitchell,Mitchell Fraboni,Fraboni,,,4000,LAR@HOU,HOU,LAR,,,,,,TE/FLEX
65907-66402,TE,Jack,Jack Driscoll,Driscoll,0,1,4000,PHI@DET,PHI,DET,,,,,,TE/FLEX
65907-23435,TE,Andrew,Andrew DePaola,DePaola,,,4000,DAL@MIN,MIN,DAL,,,,,,TE/FLEX
65907-93075,TE,Hunter,Hunter Long,Long,0,1,4000,MIA@BUF,MIA,BUF,,,,,,TE/FLEX
65907-91046,TE,Brock,Brock Wright,Wright,,,4000,PHI@DET,DET,PHI,,,,,,TE/FLEX
65907-70604,TE,John,John Raine,Raine,,,4000,CAR@ATL,ATL,CAR,,,,,,TE/FLEX
65907-72665,TE,Kenny,Kenny Yeboah,Yeboah,,,4000,CIN@NYJ,NYJ,CIN,,,,,,TE/FLEX
65907-43993,TE,Andrew,Andrew Vollert,Vollert,0,1,4000,TEN@IND,IND,TEN,Q,Ankle,,,,TE/FLEX
65907-54239,TE,Matt,Matt Sokol,Sokol,0,1,4000,JAC@SEA,JAC,SEA,,,,,,TE/FLEX
65907-70658,TE,Cary,Cary Angeline,Angeline,,,4000,PHI@DET,PHI,DET,,,,,,TE/FLEX
65907-72725,TE,Irv,Irv Smith Jr.,Smith Jr.,6.958333333333333,12,4000,DAL@MIN,MIN,DAL,IR,Knee - meniscus,,,,TE/FLEX
65907-27672,TE,Matt,Matt LaCosse,LaCosse,0,1,4000,NE@LAC,NE,LAC,,,,,,TE/FLEX
65907-29725,TE,Levine,Levine Toilolo,Toilolo,1.1833333174387615,6,4000,NYG@KC,NYG,KC,IR,Achilles,,,,TE/FLEX
65907-64603,TE,Farrod,Farrod Green,Green,0,1,4000,TEN@IND,IND,TEN,,,,,,TE/FLEX
65907-42077,TE,James,James Winchester,Winchester,,,4000,NYG@KC,KC,NYG,,,,,,TE/FLEX
65907-46177,TE,David,David Wells,Wells,,,4000,GB@ARI,ARI,GB,,,,,,TE/FLEX
65907-46200,TE,Daniel,Daniel Brunskill,Brunskill,0,1,4000,SF@CHI,SF,CHI,,,,,,TE/FLEX
65907-68730,TE,Sean,Sean McKeon,McKeon,0,1,4000,DAL@MIN,DAL,MIN,IR,Ankle,,,,TE/FLEX
65907-158851,TE,Graham,Graham Adomitis,Adomitis,,,4000,TEN@IND,IND,TEN,,,,,,TE/FLEX
65907-58499,TE,Parker,Parker Hesse,Hesse,0,1,4000,CAR@ATL,ATL,CAR,,,,,,TE/FLEX
65907-54426,TE,Andrew,Andrew Beck,Beck,0,1,4000,WAS@DEN,DEN,WAS,,,,,,TE/FLEX
65907-83117,TE,Tanner,Tanner Hudson,Hudson,1.1199999809265138,5,4000,SF@CHI,SF,CHI,,,,,,TE/FLEX
65907-9409,TE,Clark,Clark Harris,Harris,0,1,4000,CIN@NYJ,CIN,NYJ,,,,,,TE/FLEX
65907-89283,TE,Tre',Tre' McKitty,McKitty,,,4000,NE@LAC,LAC,NE,,,,,,TE/FLEX
65907-52461,TE,Carson,Carson Meier,Meier,0,1,4000,MIA@BUF,MIA,BUF,,,,,,TE/FLEX
65907-130286,TE,Ben,Ben Ellefson,Ellefson,0,1,4000,DAL@MIN,MIN,DAL,Q,Knee,,,,TE/FLEX
65907-52468,TE,Ethan,Ethan Wolf,Wolf,0,1,4000,TB@NO,NO,TB,,,,,,TE/FLEX
65907-64762,TE,Nakia,Nakia Griffin-Stewart,Griffin-Stewart,,,4000,NYG@KC,NYG,KC,,,,,,TE/FLEX
65907-62718,TE,Daniel,Daniel Brown,Brown,1.024999976158142,4,4000,CIN@NYJ,NYJ,CIN,,,,,,TE/FLEX
65907-29956,TE,Joshua,Joshua Perkins,Perkins,0,1,4000,SF@CHI,SF,CHI,,,,,,TE/FLEX
65907-60699,TE,Kalif,Kalif Jackson,Jackson,,,4000,MIA@BUF,MIA,BUF,,,,,,TE/FLEX
65907-83226,TE,Kevin,Kevin Rader,Rader,0,2,4000,PIT@CLE,PIT,CLE,,,,,,TE/FLEX
65907-68895,TE,Bruno,Bruno Labelle,Labelle,,,4000,GB@ARI,ARI,GB,Q,Undisclosed,,,,TE/FLEX
65907-66857,TE,Jibri,Jibri Blount,Blount,,,4000,MIA@BUF,MIA,BUF,,,,,,TE/FLEX
65907-138552,TE,Connor,Connor Davis,Davis,0,1,4000,PIT@CLE,CLE,PIT,Q,Shoulder,,,,TE/FLEX
65907-64833,TE,Alize,Alize Mack,Mack,,,4000,PHI@DET,DET,PHI,,,,,,TE/FLEX
65907-64864,TE,Noah,Noah Togiai,Togiai,0,2,4000,PHI@DET,PHI,DET,,,,,,TE/FLEX
65907-25957,TE,J.P.,J.P. Holtz,Holtz,0,7,4000,SF@CHI,CHI,SF,,,,,,TE/FLEX
65907-68975,TE,Josh,Josh Pederson,Pederson,,,4000,TB@NO,NO,TB,,,,,,TE/FLEX
65907-60788,TE,Nick,Nick Ralston,Ralston,,,4000,DAL@MIN,DAL,MIN,,,,,,TE/FLEX
65907-87422,TE,Dom,Dom Wood-Anderson,Wood-Anderson,0,1,4000,JAC@SEA,SEA,JAC,,,,,,TE/FLEX
65907-71048,TE,Thaddeus,Thaddeus Moss,Moss,0,1,4000,CIN@NYJ,CIN,NYJ,,,,,,TE/FLEX
65907-73147,TE,Nick,Nick Eubanks,Eubanks,,,4000,PHI@DET,PHI,DET,,,,,,TE/FLEX
65907-73172,TE,Jake,Jake Hausmann,Hausmann,,,4000,NYG@KC,NYG,KC,,,,,,TE/FLEX
65907-54746,TE,Tyler,Tyler Ott,Ott,0,1,4000,JAC@SEA,SEA,JAC,,,,,,TE/FLEX
65907-103900,TE,Brandon,Brandon Dillon,Dillon,1.100000023841858,1,4000,DAL@MIN,MIN,DAL,,,,,,TE/FLEX
65907-62998,TE,Jace,Jace Sternberger,Sternberger,2.924999952316284,8,4000,WAS@DEN,WAS,DEN,,,,,,TE/FLEX
65907-73266,TE,Dylan,Dylan Soehner,Soehner,,,4000,TB@NO,NO,TB,IR,Undisclosed,,,,TE/FLEX
65907-46644,TE,Paul,Paul Quessenberry,Quessenberry,0,1,4000,LAR@HOU,HOU,LAR,,,,,,TE/FLEX
65907-69173,TE,Hunter,Hunter Kampmoyer,Kampmoyer,,,4000,NE@LAC,LAC,NE,,,,,,TE/FLEX
65907-60981,TE,Charlie,Charlie Heck,Heck,0.800000011920929,1,4000,LAR@HOU,HOU,LAR,,,,,,TE/FLEX
65907-60984,TE,Jake,Jake Bargas,Bargas,,,4000,DAL@MIN,MIN,DAL,,,,,,TE/FLEX
65907-30272,TE,Colin,Colin Thompson,Thompson,0,1,4000,CAR@ATL,CAR,ATL,,,,,,TE/FLEX
65907-104008,TE,Stephen,Stephen Carlson,Carlson,0.44999998807907104,8,4000,PIT@CLE,CLE,PIT,IR,Knee,,,,TE/FLEX
65907-104019,TE,Matt,Matt Orzech,Orzech,0,1,4000,LAR@HOU,LAR,HOU,,,,,,TE/FLEX
65907-56947,TE,Chris,Chris Myarick,Myarick,0,1,4000,NYG@KC,NYG,KC,,,,,,TE/FLEX
65907-38528,TE,Tyrone,Tyrone Swoopes,Swoopes,0,1,4000,WAS@DEN,WAS,DEN,IR,Undisclosed,,,,TE/FLEX
65907-87690,TE,Sal,Sal Cannella,Cannella,,,4000,MIA@BUF,MIA,BUF,,,,,,TE/FLEX
65907-65182,TE,Mitchell,Mitchell Wilcox,Wilcox,0,1,4000,CIN@NYJ,CIN,NYJ,,,,,,TE/FLEX
65907-71351,TE,Charlie,Charlie Woerner,Woerner,2.450000047683716,2,4000,SF@CHI,SF,CHI,,,,,,TE/FLEX
65907-28346,TE,Maxx,Maxx Williams,Williams,6.659999847412109,5,4000,GB@ARI,ARI,GB,IR,Knee,,,,TE/FLEX
65907-16078,TE,Ross,Ross Travis,Travis,0,1,4000,GB@ARI,ARI,GB,,,,,,TE/FLEX
65907-69326,TE,Isaac,Isaac Nauta,Nauta,0.26666667064030963,3,4000,GB@ARI,GB,ARI,Q,Undisclosed,,,,TE/FLEX
65907-63189,TE,Hunter,Hunter Thedford,Thedford,,,4000,PHI@DET,DET,PHI,,,,,,TE/FLEX
65907-71386,TE,Jordan,Jordan Thomas,Thomas,1.7000000476837158,4,4000,TEN@IND,IND,TEN,Q,Undisclosed,,,,TE/FLEX
65907-61172,TE,Tyler,Tyler Davis,Davis,0,2,4000,GB@ARI,GB,ARI,,,,,,TE/FLEX
65907-95999,TE,Charlie,Charlie Taumoepeau,Taumoepeau,0,1,4000,PHI@DET,DET,PHI,IR,Neck,,,,TE/FLEX
65907-65318,TE,Daniel,Daniel Crawford,Crawford,,,4000,GB@ARI,GB,ARI,,,,,,TE/FLEX
65907-91945,TE,Cam,Cam Sutton,Sutton,0,2,4000,JAC@SEA,SEA,JAC,,,,,,TE/FLEX
65907-40746,TE,Troy,Troy Fumagalli,Fumagalli,2.5714285714285716,7,4000,NE@LAC,NE,LAC,IR,Undisclosed,,,,TE/FLEX
65907-55099,TE,Ian,Ian Bunting,Bunting,0,1,4000,DAL@MIN,DAL,MIN,,,,,,TE/FLEX
65907-69451,TE,Jack,Jack Stoll,Stoll,0,1,4000,PHI@DET,PHI,DET,,,,,,TE/FLEX
65907-63321,TE,Rashod,Rashod Berry,Berry,0,1,4000,PHI@DET,DET,PHI,,,,,,TE/FLEX
65907-69516,TE,Miller,Miller Forristall,Forristall,,,4000,PIT@CLE,CLE,PIT,,,,,,TE/FLEX
65907-94094,TE,Brevin,Brevin Jordan,Jordan,,,4000,LAR@HOU,HOU,LAR,,,,,,TE/FLEX
65907-38805,TE,Marcus,Marcus Baugh,Baugh,0.3499999940395355,2,4000,PIT@CLE,PIT,CLE,,,,,,TE/FLEX
65907-28570,TE,Nick,Nick Vannett,Vannett,2.0454545454545454,11,4000,TB@NO,NO,TB,IR,Knee,,,,TE/FLEX
65907-55209,TE,Nate,Nate Becker,Becker,,,4000,MIA@BUF,BUF,MIA,,,,,,TE/FLEX
65907-30654,TE,Jerell,Jerell Adams,Adams,0,1,4000,TB@NO,TB,NO,,,,,,TE/FLEX
65907-65477,TE,Giovanni,Giovanni Ricci,Ricci,0,2,4000,CAR@ATL,CAR,ATL,Q,Concussion,,,,TE/FLEX
65907-65492,TE,Dax,Dax Raymond,Raymond,0,1,4000,PIT@CLE,PIT,CLE,,,,,,TE/FLEX
65907-14304,TE,Luke,Luke Stocker,Stocker,0.9800000190734863,10,4000,DAL@MIN,MIN,DAL,,,,,,TE/FLEX
65907-85994,TE,Dalton,Dalton Keene,Keene,0.7749999761581421,4,4000,NE@LAC,NE,LAC,IR,Knee - meniscus,,,,TE/FLEX
65907-57325,TE,Jordan,Jordan Franks,Franks,0,1,4000,PIT@CLE,CLE,PIT,,,,,,TE/FLEX
65907-71673,TE,Scooter,Scooter Harrington,Harrington,,,4000,SF@CHI,CHI,SF,,,,,,TE/FLEX
65907-104447,TE,Jody,Jody Fortson,Fortson,4.800000190734863,4,4000,NYG@KC,KC,NYG,IR,Achilles,,,,TE/FLEX
65907-12534,D,Tennessee,Tennessee Titans,Titans,6,7,3900,TEN@IND,TEN,IND,,,,,,DEF
65907-12536,D,Kansas City,Kansas City Chiefs,Chiefs,3.4285714285714284,7,3900,NYG@KC,KC,NYG,,,,,,DEF
65907-12548,D,Los Angeles,Los Angeles Chargers,Chargers,4.833333333333333,6,3900,NE@LAC,LAC,NE,,,,,,DEF
65907-12535,D,Indianapolis,Indianapolis Colts,Colts,8.428571428571429,7,3800,TEN@IND,IND,TEN,,,,,,DEF
65907-12541,D,New England,New England Patriots,Patriots,7,7,3800,NE@LAC,NE,LAC,,,,,,DEF
65907-12527,D,Chicago,Chicago Bears,Bears,6.285714285714286,7,3700,SF@CHI,CHI,SF,,,,,,DEF
65907-12542,D,New Orleans,New Orleans Saints,Saints,9.666666666666666,6,3600,TB@NO,NO,TB,,,,,,DEF
65907-12554,D,Jacksonville,Jacksonville Jaguars,Jaguars,2.3333333333333335,6,3500,JAC@SEA,JAC,SEA,,,,,,DEF
65907-12533,D,Green Bay,Green Bay Packers,Packers,6.285714285714286,7,3400,GB@ARI,GB,ARI,,,,,,DEF
65907-12552,D,Washington,Washington Football Team,Football Team,4.571428571428571,7,3400,WAS@DEN,WAS,DEN,,,,,,DEF
65907-12540,D,Minnesota,Minnesota Vikings,Vikings,7.166666666666667,6,3300,DAL@MIN,MIN,DAL,,,,,,DEF
65907-12556,D,Houston,Houston Texans,Texans,3.857142857142857,7,3300,LAR@HOU,HOU,LAR,,,,,,DEF
65907-12532,D,Detroit,Detroit Lions,Lions,2.857142857142857,7,3200,PHI@DET,DET,PHI,,,,,,DEF
65907-12543,D,New York,New York Giants,Giants,5,7,3200,NYG@KC,NYG,KC,,,,,,DEF
65907-12539,D,Miami,Miami Dolphins,Dolphins,3.857142857142857,7,3100,MIA@BUF,MIA,BUF,,,,,,DEF
65907-12544,D,New York,New York Jets,Jets,3.1666666666666665,6,3000,CIN@NYJ,NYJ,CIN,,,,,,DEF